"","V1","V2","V3","V4","V5"
"1",2.23342160959136e-17,0.564868636436068,8.32667268468867e-19,0.389183839247323,0.0459475243166092
"2",0.325480188977362,0.0141091085312247,0.244424042941275,0.415986659550139,3.42465841177955e-18
"3",0.258689484235575,0.501199462016629,0.0798857007222457,0.0326086782096634,0.127616674815887
"4",0.037123730737066,0.63093840943791,0.000345810489042276,0.331592049335982,3.73754849143053e-18
"5",0.110235088746451,0.247233177724946,0.265699951870178,7.7715611723761e-18,0.376831781658425
"6",0.645796801830936,0.349392233313594,9.75037743111111e-05,0.00471346108115955,7.70810593685018e-18
"7",0.000154503076237773,0.615411231733643,0.251825132801876,0.000638260264141412,0.131970872124102
"8",0.00014132496672295,0.504418710867313,0.134070848267643,0.35768664679818,0.00368246910014106
"9",0.00375923122002534,0.806446159684994,0.18979460909498,6.02549859685767e-17,1.66076954423416e-18
"10",0.11784218516729,0.105507336320827,0.161415485535136,0.150074943156954,0.465160049819792
"11",0.515690905230263,0.0178897528977996,0.292718125270314,0.000438540779753521,0.173262675821869
"12",0.0944672663926243,0.226836218141033,0.207622087956345,0.00825062539342576,0.462823802116572
"13",0.156172378012455,0.47209281368907,0.212248452391059,0.0648070986378375,0.094679257269579
"14",0.357247897287054,0.591074530771605,0.0274357037729331,0.00121137754555156,0.0230304906228565
"15",0.261838694634819,0.736842164962904,0.000367999634103589,0.000951140768173083,4.28536186450809e-18
"16",0.299336430668479,0.495199485050323,2.73672660919436e-18,0.202739543122381,0.00272454115881636
"17",0.000995837512512212,0.0531383462777946,0.00942181629506989,0.80562861574748,0.130815384167144
"18",0.214289456387564,0.549081844245643,0.228255047131105,2.89513961285431e-18,0.00837365223568837
"19",0.0014076669940771,0.438059527833334,1.95963130623475e-17,0.411384409631199,0.149148395541389
"20",0.214233393585339,0.408159605472198,0.151315390027849,0.026399559398287,0.199892051516327
"21",6.42573831236166e-18,0.93711355643678,0.0628864435632203,1.84405604882418e-17,6.30919068944229e-18
"22",0.0895595328040362,0.0164145612605671,0.16089837819951,0.230728778053799,0.502398749682087
"23",0.399290583541332,0.0658121653800909,1.20063239169324e-18,0.534897251078577,1.8537558004356e-17
"24",0.103259019670584,0.630079783523237,6.87902838095437e-18,0.266661196806179,1.39762902598196e-18
"25",0.131922618903205,0.149926150333256,0.233714962526311,0.0409247372368243,0.443511531000404
"26",1.33548258087072e-18,0.914839847480205,0.0583930966779242,0.0244076551542673,0.00235940068760315
"27",0.447445645987488,0.123898638314152,0.043440491122902,0.216906553796414,0.168308670779043
"28",0.000354430852211089,0.332584266425189,0.129257103375483,0.259048151547819,0.278756047799298
"29",0.108053595664768,0.342235607073333,0.164560837049714,0.0502921365016145,0.33485782371057
"30",0.113175934597569,0.65802946271135,0.219244525690792,0.00955007700028986,2.81402091580237e-19
"31",0.265135668600684,0.630249179684294,3.81639164714898e-19,0.104615151715022,3.57320051461268e-18
"32",0.119031300124987,0.21797708937506,0.175740260537738,0.000214170430718726,0.487037179531496
"33",0.106015816225901,0.666381037535334,0.00348001550830966,2.50300589827269e-18,0.224123130730455
"34",3.67689088394447e-05,0.695813650940998,9.97507946180275e-18,0.231677790778447,0.0724717893717157
"35",0.0901171899052371,0.121424779908298,3.10285431451404e-18,0.787977629192974,0.000480400993491404
"36",0.545469693639195,0.089375130773063,0.0337398148000663,0.331415360787675,6.99499714967309e-19
"37",0.0941876336666242,0.825689570212458,0.00206305539595279,0.000261352985523952,0.0777983877394413
"38",0.325325253587765,0.550941986439585,0.00262662219906753,0.121106137773582,4.81931216606877e-18
"39",0.047290043116097,0.526420617247266,0.132306480576174,0.287681727543634,0.00630113151682964
"40",0.267809910175089,0.614750035541079,1.00083470489446e-17,0.117440054283831,1.26100636643909e-18
"41",0.238004614054796,3.33066907387547e-18,0.116737583705466,0.254379276411067,0.390878525828671
"42",1.38777878078145e-18,0.449331755493173,0.194727108467631,0.172358118331917,0.183583017707279
"43",0.154544731025632,0.346025282236713,0.152673061359988,0.0970026416548203,0.249754283722848
"44",0.033304064628185,0.896260925909882,4.62856816334101e-18,4.1945367118499e-17,0.0704350094619334
"45",0.0942927128426928,0.0322684926699321,0.180409463318028,0.135769774424756,0.55725955674459
"46",0.578330473496661,0.261790311737161,0.0279042170346697,0.102519673075991,0.0294553246555177
"47",0.0817659903497773,0.587597708334533,0.33063630131569,4.28114862681387e-18,8.57882203469864e-18
"48",0.486648284670107,0.459103197082262,0.0522632187014341,0.00157250084991293,0.000412798696283937
"49",0.187849382626825,0.472071982123125,9.92935975593839e-19,0.206899829601151,0.133178805648899
"50",0.0250445726515081,0.749054233191734,0.141507020420345,2.43083823665969e-18,0.0843941737364128
"51",3.73795871537989e-17,0.000373816375277303,0.0055384966848471,0.994087686939876,1.27236852655125e-17
"52",0.128104424945593,0.033456915513646,0.197361797742377,0.136957656907471,0.504119204890913
"53",0.284748001413981,0.655118195521326,0.0362227353092739,0.023911067755419,3.76969309339623e-19
"54",8.29153027212118e-19,0.326056021350946,0.396815599960182,0.087250473599355,0.189877905089517
"55",0.156452800045549,0.662510576208124,0.00209789439642841,0.178147116209552,0.000791613140346271
"56",0.126210938701052,0.0991641028717598,0.211285805092669,0.0689285504017336,0.494410602932786
"57",7.59148835384762e-18,0.891828467373532,0.108171532626468,1.2130793050314e-17,1.37858937472628e-17
"58",0.00128696598504273,0.177873752073238,0.152505814209177,0.189913977709085,0.478419490023457
"59",0.0793803772623959,0.919102246682712,3.20870836680855e-17,7.23101426398558e-18,0.0015173760548918
"60",8.73622073697548e-18,0.478265654140841,9.82144639416996e-19,0.474224282935249,0.0475100629239097
"61",0.130506992253841,0.101428510550155,0.136536379018332,0.16332162262078,0.468206495556892
"62",0.563495376262526,0.242391979420269,0.192285306272741,0.00182733804446396,8.40607329954963e-19
"63",0.191761780537431,0.574295297306159,2.14459425030824e-18,0.23394292215641,5.5174894168522e-19
"64",2.83547377173633e-18,0.764835296770597,0.230745442440542,0.00441926078886107,1.24654863571639e-17
"65",0.0250444791657934,0.527899891051,1.47276662876178e-17,0.447055629783207,6.55608920332696e-18
"66",0.236648517700017,0.444898459113221,0.000166726262260419,0.304260445495264,0.0140258514292366
"67",0.0933551460705269,0.120489412811751,0.177758082828095,0.0975544344628001,0.510842923826827
"68",0.0735220357887307,0.745214645036662,1.15562512228014e-18,0.181241184979638,2.2134194969582e-05
"69",0.140273967511611,0.118365241859606,2.00603630310602e-18,0.636376162786442,0.104984627842341
"70",0.0721150060720591,0.570719207057206,0.0432290470493978,0.309036187910823,0.00490055191051446
"71",0.163147741782836,0.216929813009167,0.156790754885249,0.00896721608446483,0.454164474238283
"72",0.376560372880245,0.247620174869675,0.000446326734228935,0.0203817280536375,0.354991397462213
"73",1.67026617844391e-18,0.41798518436001,0.133858176643139,0.376131794180111,0.07202484481674
"74",1.63270544282178e-17,0.999485625828986,8.43533332812474e-18,0.00051437417101414,1.47273521141256e-18
"75",0.170334590639147,0.489474535818254,0.00348421628993955,0.000949292992051248,0.335757364260609
"76",0.809653133878018,9.96980143561159e-18,0.00984066320185527,0.180506202920127,9.77922347184933e-18
"77",0.00182848574234737,0.308474648570054,5.05692171996225e-18,0.552458525058316,0.137238340629283
"78",0.2799249048369,0.574121019496582,0.000157445347493239,0.0739060374769758,0.0718905928420491
"79",0.328164074592743,0.670452469963026,5.03336069879485e-17,0.00138345544423133,6.76174385798307e-19
"80",1.9247548158762e-18,0.759837203706786,0.00299497042615783,0.236244570085066,0.000923255781989622
"81",0.624232062310997,0.316534562458744,0.0582276062616277,0.00100576896863083,1.66562980708116e-18
"82",3.53052555791814e-17,0.00389610179690061,0.0144517195758551,0.83888917862326,0.142763000003984
"83",0.1683299306143,0.114862381255722,0.142296559597076,0.0533061141346907,0.521205014398212
"84",0.208148241591258,0.707973810567694,0.080507083414028,0.00140963235941015,0.00196123206760994
"85",0.112762897574044,0.0342737074599883,0.193297710190283,0.112714529390038,0.546951155385647
"86",0.0325313466685129,0.717045888909913,0.00972275684560893,0.0591517635670508,0.181548244008914
"87",0.351933073781944,0.262674084879035,0.321780143702656,5.55877861063546e-18,0.0636126976363652
"88",0.371668528205057,0.464985278728185,1.24913133712855e-18,0.0806007640790028,0.0827454289877553
"89",0.0376052638861005,0.761159639288361,0.0826844447377323,0.102327546080842,0.0162231060069635
"90",0.0175212688445486,0.72648682498745,0.154693417426385,6.33826439074998e-18,0.101298488741616
"91",0.754100901450116,3.47922879754825e-17,0.019773701338103,0.226125397211781,1.20510844009656e-18
"92",4.54219769580462e-18,0.750624933157832,0.00188467150562139,0.247348726361758,0.000141668974789048
"93",0.0698391010977452,0.738403095444642,1.10546038400718e-17,0.00156487408279778,0.190192929374815
"94",0.0827778820214873,0.0574654882612825,0.126208353067531,0.319311456245262,0.414236820404438
"95",1.63264685609507e-17,0.664127995169964,0.065614466729782,0.26074110306992,0.00951643503033383
"96",2.54559643864346e-17,0.154833201477108,2.00499072627733e-17,0.845166798522892,8.54523882125599e-19
"97",0.667577629940712,0.0488066307025883,3.05344262492949e-18,0.139244303562218,0.144371435794481
"98",0.00995035533459603,0.417023202093848,7.21014954154917e-17,0.573026442571556,1.34683065434627e-18
"99",1.11722789736195e-18,0.302319348260211,0.228938702314154,0.106794821384175,0.36194712804146
"100",0.0966740693398935,0.145996316402151,0.231975007322272,0.00637718503600674,0.518977421899677
"101",0.0539457692744348,0.253439994951386,0.000220655816338657,0.692393579957841,5.40459403275563e-18
"102",0.488497714977276,0.511353000774283,0.000149284248441508,7.44778717223011e-17,3.21874162366422e-18
"103",0.0108168782764841,0.451339707296438,0.000127814898221913,0.537714591620702,1.00790815467226e-06
"104",0.154879443436369,0.321341275462297,0.0258791941809163,0.37934736237002,0.118552724550398
"105",0.542617626582115,0.301992147749451,0.155390225668434,8.67361737988404e-19,7.75573938997409e-18
"106",0.184149948438516,0.586057631665748,0.139219962242216,0.0905724576535195,2.78270648781401e-18
"107",0.00168183652357346,0.372697480372692,0.110965466936082,0.444517017745117,0.0701381984225346
"108",0.292442712979891,0.526460603551395,0.0499066831495359,0.129283387050081,0.00190661326909709
"109",0.011815077780354,0.145025314692268,0.173081773157666,0.670077834369712,5.57240287606589e-18
"110",0.227913261648117,0.638361172091731,5.65569524253513e-18,0.133627643869202,9.79223909494411e-05
"111",0.326009545059486,0.0664030153901284,0.0313195901487833,0.576267849401602,9.89785288378431e-19
"112",0.123644384018852,0.425947309913685,0.150251046814702,0.00809923823656425,0.292058021016197
"113",5.55111512312578e-19,0.182084058854271,0.141647108078918,0.337056356552508,0.339212476514304
"114",6.27116912118016e-19,0.14100080809404,0.0430250464151044,0.650546173292748,0.165427972198107
"115",0.108913068339598,0.0606065647725916,0.195632309599737,0.100161857144764,0.534686200143309
"116",0.118231301107484,0.115332336031174,0.14725072607742,0.170155473862711,0.449030162921212
"117",0.416651003155776,0.56817969252588,3.64838720518006e-18,0.0113515839750336,0.00381772034331096
"118",0.00542511121543077,0.456338342439879,0.025484478686147,0.512752067658544,7.13985709904174e-19
"119",2.77555756156289e-18,0.769809943179331,0.118863672377213,4.14016940822429e-17,0.111326384443456
"120",0.063616724764881,0.839197110718904,0.0505314104589223,0.000211443398555624,0.0464433106587367
"121",0.655910313733999,0.300343609357503,0.0437460769084975,5.26389484902841e-17,2.82548332148545e-18
"122",0.044290205445809,0.610886412159603,7.01686444892286e-19,0.184393921961232,0.160429460433356
"123",0.240660348530037,0.314973418695652,0.346771415745663,0.0975948170286475,4.45003149143152e-18
"124",0.0842142823139846,0.000497702200063919,0.171891729423423,0.559999388611348,0.18339689745118
"125",0.0168215641857843,0.37998757597519,0.157951321387601,0.152799396746974,0.29244014170445
"126",0.758872280484996,0.236102960515974,8.21976175094926e-18,0.000759697605741827,0.00426506139328836
"127",0.00108599733805582,0.499183425354486,0.499730577307458,4.0047148898174e-17,7.99649106536999e-18
"128",0.243109642792384,0.361824390296269,0.0802485979324043,0.306263780132049,0.00855358884689415
"129",0.0980759121368393,0.559513828364554,0.12350548746268,1.33226762955019e-17,0.218904772035927
"130",0.116728189000214,0.0328952130809373,0.203320048365576,0.0904437125007799,0.556612837052494
"131",0.000742443877842745,0.419599656990077,0.167544982871213,0.273742936460106,0.138369979800761
"132",3.34622253361224e-17,0.918207768337988,2.19771343609968e-17,0.0817922316620116,5.16328429019721e-19
"133",0.0407636200191629,0.793256099419667,0.165973403792781,2.90433067025206e-17,6.8767683889884e-06
"134",0.0119982696961322,0.485942567179166,2.51377240667216e-17,0.502059163124702,3.17218194709479e-18
"135",0.227844456002261,0.584594289488235,0.107663404356298,0.000291631027736018,0.0796062191254696
"136",0.122287826072189,0.407433073287462,0.00478578985218094,0.449247849541623,0.0162454612465448
"137",0.0561477252326666,0.938452887804602,0.00539938696273122,3.71105454110026e-17,1.11720991776836e-18
"138",0.147653802785411,0.0638965369104641,0.232230571766306,0.0904014898650718,0.465817598672747
"139",0.0993657675050568,0.781725577191244,7.58249087666124e-18,0.00510168081317303,0.113806974490526
"140",0.206850515517933,0.573640272465283,0.00502239873973555,0.130391141100662,0.084095672176387
"141",0.0883783594942528,0.808622945709538,0.00292543426077393,3.26889304496852e-18,0.100073260535435
"142",0.101900067541389,0.314955458909102,0.0877564006585676,0.254804877801808,0.240583195089134
"143",0.477028139383164,0.439222053418997,0.0309896807981707,0.052760126399669,2.20209574500831e-18
"144",0.676708242822107,0.256316766598171,1.19899671994947e-18,0.0563443456516217,0.0106306449281001
"145",0.0226101849975267,0.750529439977428,4.9358118759221e-18,0.00108524117577751,0.225775133849268
"146",6.77017101574323e-19,0.444496254946977,0.163815052664244,0.368252413542161,0.0234362788466183
"147",0.321748757964877,0.0542363431952358,0.00765228380536673,0.288874041436074,0.327488573598446
"148",0.00281093716541546,0.536692825254866,0.000612922336593083,0.308592012685574,0.151291302557552
"149",7.52064194838547e-05,0.999924793580516,7.59772049390787e-18,7.97275039261076e-17,2.12248014841939e-18
"150",0.218605527428863,0.177172445682142,0.100938999271647,0.195135894502922,0.308147133114426
"151",0.0528868998778601,0.69440474057595,0.1534328959925,4.28083319676343e-19,0.0992754635536904
"152",5.12042917121247e-18,0.439764691183053,0.0706199528808704,0.483386778647759,0.00622857728831719
"153",0.00175749725732332,0.895475360048917,0.10276714269376,2.36392688881202e-17,3.08608405938767e-18
"154",0.251001511804649,0.673408323113421,2.08726927286209e-17,0.0755901650819303,1.07322707948135e-18
"155",0.00148913563634781,0.756782977959304,0.230863902524424,4.29378336104757e-18,0.0108639838799244
"156",0.226612964886206,0.0926903142259302,0.110969082696153,0.154370296212977,0.415357341978734
"157",0.229108355368267,0.700199304282573,0.0145537382183004,1.02370738571496e-17,0.0561386021308596
"158",2.77555756156289e-18,0.390127054350724,0.0785922331592681,0.223706906741362,0.307573805748646
"159",0.361928772405468,0.398111231965795,0.182330879745446,0.0368780162545314,0.0207510996287598
"160",0.200472563310356,0.229613100218994,0.201617415876741,0.000788450794751365,0.367508469799158
"161",0.313233006597748,0.587577702752929,0.0964147621678125,0.00277452848150961,8.67769489230932e-19
"162",0.00184009911657006,0.539252182597892,0.215974505321266,0.140695729872872,0.1022374830914
"163",0.00108296584444515,0.458494781250766,0.309220669706609,0.23120158319818,3.83853766108068e-18
"164",0.303699642643032,0.32888527574171,1.92069342123087e-18,0.347072066971338,0.0203430146439197
"165",0.502055091489811,0.481518115302108,3.56331307778738e-17,0.0164267932080807,4.1897455553526e-19
"166",0.0918853732160229,0.587749164404054,3.31810675130126e-19,0.0861898145317299,0.234175647848193
"167",0.120044835282802,0.0225235144519242,0.192133861708933,0.117268499568813,0.548029288987529
"168",0.00485485555562439,0.478812191621654,0.0630749161628486,4.45131457085747e-18,0.453258036659873
"169",0.227986733790412,0.731192400250384,7.63499023398234e-21,0.0114654593189192,0.0293554066402855
"170",2.93923115640833e-17,0.581402262257121,0.13393450350649,1.20062248616649e-05,0.284651228011528
"171",0.00811864156133261,0.377172161457502,0.180369217566506,0.209174165591213,0.225165813823446
"172",0.112180610512087,0.0383118522162069,0.196039245868556,0.11108643114938,0.54238186025377
"173",0.0808077489679954,0.682407038854991,0.0817049991106134,0.0513900506167101,0.10369016244969
"174",0.217230742771605,0.743824630316357,2.08183826763252e-19,2.53523445004737e-17,0.0389446269120378
"175",0.183569269177052,0.280734444592863,2.11866620237519e-18,0.535696286230085,1.09277068666004e-18
"176",0.0756266795115082,0.903103976375622,0.000293726429320575,0.020975617683549,3.51633647080945e-18
"177",0.0464183203196832,0.834214288114775,2.44348422751544e-18,0.00444208458056486,0.114925306984976
"178",0.103565045880357,0.737700592109877,0.0485833208245744,7.33716511699648e-18,0.110151041185191
"179",0.124724915918514,0.871065937645167,0.00150067692211118,9.67833196703113e-18,0.0027084695142086
"180",6.74657151284566e-18,0.0828388627688769,0.0672261117586657,0.619260448246579,0.230674577225878
"181",0.00948346564536966,0.018329373280735,0.0303813152083545,0.821221572374602,0.120584273490938
"182",1.77029142867359e-18,0.60839496101003,0.0520568704329474,0.0103563682063291,0.329191800350694
"183",0.266007362809864,0.303748459526896,0.00843382830088243,0.374988715473597,0.0468216338887604
"184",0.000596812317413827,0.47028979588489,0.00117609163718364,0.527937300160512,6.50447467175003e-18
"185",0.0303663587646892,0.826436277069811,0.112801539248756,0.00185527935269951,0.0285405455640441
"186",1.61432770978112e-17,0.480923645874125,1.01856585104636e-18,0.51655888618255,0.00251746794332538
"187",0.0652473140729735,0.29951017762353,0.385267329505004,0.240295647441598,0.00967953135689359
"188",0.19996271977926,0.329326081665289,0.14118622072417,0.108142373862942,0.221382603968337
"189",0.136931094630274,0.0298416799601532,0.230185811562428,0.119095827592246,0.483945586254899
"190",0.24335712180453,0.70911540850444,0.0248843676960078,1.11549773401413e-05,0.0226319470176815
"191",0.447126166790291,0.393365758200779,0.0109454899351676,0.148562585073762,1.36210033988191e-18
"192",0.311382818359635,0.0927217167991455,0.032901667413641,0.562993797427579,4.17345774405474e-19
"193",0.23918915520467,0.677274259333084,0.0799347185359088,0.00360186692633764,1.22305976161638e-18
"194",0.499348671825402,0.342046016236904,0.0924550231262318,0.0524194900625717,0.0137307987488907
"195",0.356977897661052,0.0579557091714949,0.002121474894745,0.408649579237503,0.174295339035205
"196",0.172152928976065,0.0865324957257467,0.133689580807956,0.331787856358923,0.27583713813131
"197",0.13933891951201,0.721137895450454,0.0436599352814606,2.18779406961237e-18,0.0958632497560749
"198",0.0478584411213088,0.623085161890973,2.81676305518533e-18,0.286566350490175,0.0424900464975426
"199",0.424034958909866,0.400340198434045,0.119683616739113,0.00173322953768017,0.0542079963792949
"200",0.247474782542017,0.273055354285345,0.0364158017920224,0.439764755986438,0.00328930539417805
"201",0.143224249342201,0.048521351349921,0.193274741794339,0.183639601139268,0.431340056374271
"202",0.230939921081353,0.684011969536489,0.0797807069975893,1.69985876512705e-18,0.00526740238456923
"203",0.151017775552749,0.176382381091894,0.184811619550514,0.0267014327694405,0.461086791035404
"204",0.0990060338542049,0.0518387594641752,0.198602076565363,0.107921804774299,0.542631325341958
"205",5.60621083007446e-17,0.822648894317208,0.176090078157847,0.00126102752494494,7.63278329429795e-19
"206",0.00473550900458848,0.886163717120962,1.03564241888214e-18,0.000127934599355204,0.108972839275095
"207",0.0953457667382842,0.619022257780464,1.96175237638463e-18,0.285631975481251,3.70848950227897e-17
"208",0.0239584693426202,0.529373333973618,0.0874537473724233,0.359179332165294,3.51171460446363e-05
"209",0.288207834481586,0.00194498242031685,0.0376069559195569,0.672240227178541,5.45342575506101e-18
"210",0.0361478709496076,0.938751001466607,4.83353487350759e-17,0.0251011275837857,1.58715528400795e-17
"211",0.0902746486756769,0.180250361897746,0.00011446510690753,0.573459526130577,0.155900998189092
"212",0.392131796384877,0.267644405106781,2.68882138776405e-19,0.321686220950336,0.0185375775580066
"213",0.201507303918996,0.0240960460993178,0.373854970565696,0.400541679415991,2.05386012510462e-18
"214",0.00222914567841011,0.938452111382348,0.0280085076514341,0.00963939447373199,0.0216708408140761
"215",0.106253251246767,0.314989400475361,0.159595960131093,0.08122282581407,0.33793856233271
"216",0.106371011368756,0.86699583751745,0.0266331511137937,8.25095487106965e-18,3.55689191871333e-18
"217",0.0213709684400649,0.379807149013186,0.248015998457659,3.5755680508825e-18,0.35080588408909
"218",0.231572870313023,0.671590899958234,0.00252381093551683,0.0943124187932258,2.0983801461601e-18
"219",0.118008096238324,0.052517527941565,0.177849580625442,0.118938693758712,0.532686101435958
"220",0.224459452462017,0.0538297306768562,0.219557984613805,0.255747887234895,0.246404945012427
"221",0.226852222611264,0.186769124620544,0.133678528040813,0.0269262152644412,0.425773909462938
"222",0.168111271849588,0.459674708543297,2.5280862719588e-18,0.370942006501947,0.00127201310516706
"223",0.0344466244130235,0.400193540394795,0.128810361879335,3.507232540279e-18,0.436549473312846
"224",0.243722989208054,0.445301406265152,0.00669630997737071,0.304279294549423,2.60559994133469e-18
"225",0.267900971390693,3.33066907387547e-18,0.0904767381978738,0.54304403010908,0.0985782603023533
"226",0.20354833831974,0.52340331995705,0.0875289231238205,1.69984840904902e-18,0.185519418599389
"227",0.164262496657333,0.0679428850452956,0.166604370261269,0.179299689919885,0.421890558116217
"228",0.249781729649349,0.671878002006578,0.0700359801735214,0.00131695951282678,0.00698732865772402
"229",2.67899423604354e-18,0.327705101911052,1.38916326742165e-17,0.672294898088948,1.78211269794737e-17
"230",0.378218794809751,0.579109313153824,0.0426718920364251,2.78894181787914e-17,8.48374611171226e-19
"231",0.0616385142279625,0.701105357448734,0.169336970403936,2.29550652195936e-17,0.0679191579193671
"232",0.165796670523553,0.694711970332945,5.01737924407116e-19,0.0695556105594025,0.0699357485840994
"233",1.65111232511395e-17,0.867105927623576,8.32667268468867e-19,1.85068702769355e-17,0.132894072376424
"234",0.418004098862245,0.051851729391595,0.0575180726942714,0.407095198834228,0.0655309002176608
"235",0.00193114861665776,0.944088983398384,0.0488325864398675,1.64881147953755e-17,0.0051472815450905
"236",0.0947037245184662,0.1051912209954,0.19683997348266,0.140555644134633,0.46270943686884
"237",0.0304521152019652,0.644657728888851,0.324890155909183,1.84837816758534e-17,1.5423774661725e-18
"238",0.144604302618186,0.475365553408123,0.231042406212408,1.52655665885959e-18,0.148987737761283
"239",0.384619151594081,0.296104539497963,0.236129325067863,0.0831469838400933,1.79561171517908e-18
"240",0.245663584244713,0.44487066584104,0.0729927566166364,6.75315217830299e-18,0.236472993297611
"241",0.232728017582312,0.489850395952696,0.116198143005002,0.161223443459991,8.46499105213016e-19
"242",0.00681565125353972,0.830700975911307,0.0513917786884885,0.0211041523603423,0.0899874417863229
"243",0.291150388099912,0.603599140223618,0.103604249359029,0.00164622231744064,6.36321737228945e-19
"244",0.0555447351788851,0.685437330761399,0.0219708137051843,0.237047120354531,5.08778318979616e-19
"245",0.290463721883047,0.291332430856414,0.000553549521663884,0.417650297738875,4.91531834811875e-18
"246",0.465990622803038,0.194976537852691,7.60088927223663e-18,0.339032839344271,2.97804493087285e-18
"247",0.326348840668822,0.222722692121807,1.54070115762721e-18,0.448155804898316,0.00277266231105498
"248",0.30701276008228,0.239105950945577,0.101920016189067,0.0151950390618266,0.33676623372125
"249",0.00542394622273378,0.0928688535942289,0.303758213667296,0.209279191321975,0.388669795193766
"250",2.23513854808016e-18,0.694611443792072,0.237256473503711,0.0635707861727359,0.0045612965314809
"251",0.502939908172338,0.159269245295553,0.0259500238417253,0.301481131009236,0.0103596916811476
"252",0.195132667952746,0.3729996490435,1.41099651806573e-18,0.412596590528906,0.0192710924748471
"253",7.81546706579577e-18,0.856085959507322,0.00138550745795121,0.131900980913804,0.0106275521209224
"254",0.0797867010335839,0.551373744981236,0.293017611395539,0.075821942589641,3.39977024716212e-18
"255",0.335505834292038,0.526097055944134,0.138397109763828,7.08331978880435e-18,6.54633956522457e-19
"256",0.111036448934081,0.568073767015276,9.17711803318238e-18,0.320889784050643,1.72225841348192e-18
"257",0.237578856294544,0.674215991137451,0.0640078230928021,3.33679278098813e-18,0.0241973294752025
"258",0.200986138088257,0.554843544589801,2.77555756156289e-19,0.0455756176559659,0.198594699665976
"259",0.0603555257632937,0.849590594512081,0.0900538797246253,5.67847448873328e-17,1.09866620351556e-18
"260",0.19460900494829,0.438502888319203,0.0811089544724458,0.274582235645284,0.011196916614777
"261",0.0376375063422646,0.51266032148535,0.101105137907309,0.307338337443103,0.0412586968219736
"262",0.167886887314616,0.343772916452444,0.137522303745697,1.80411241501588e-18,0.350817892487244
"263",0.195835795434987,0.69777263301053,0.0668327091885187,0.0395588623659646,2.8057645626764e-19
"264",0.0118027107952209,0.695316935892506,1.08383040756458e-05,0.23815398520537,0.0547155298028277
"265",0.216834007168572,0.653289750580952,0.0974923668553511,0.0323838753951248,3.91289641617721e-18
"266",0.0683243651778239,0.778916727526481,0.12765002086304,9.33511667613507e-18,0.0251088864326546
"267",0.154121014103972,0.630538330148158,0.086721043201485,0.128619612546384,1.92975638887137e-18
"268",0.178627411382472,0.247645881874154,0.15902694244983,0.00417674277340784,0.410523021520136
"269",0.81784847463823,0.178718474822697,3.47024206205242e-18,0.003433050539073,8.00348419332697e-18
"270",0.0835260131968124,0.550349906780309,0.0461355517650276,0.141108304389457,0.178880223868394
"271",0.00943403748991795,0.478267012387237,0.00405111819322898,0.229630529068259,0.278617302861357
"272",0.0976399740219486,0.23294001777632,0.119380219537072,0.251914917094658,0.29812487157
"273",0.80613655667767,0.113426538597511,7.0792152260299e-17,0.0804369047248189,6.57294434485414e-19
"274",0.471528216289621,0.195938679885854,2.08166817117217e-19,0.332533103824525,4.65763808042716e-18
"275",0.197886105055907,0.625629042152339,0.176484852791754,1.84799254357695e-17,1.69170014315563e-18
"276",0.109841390128481,0.607737823274181,0.139721066594352,0.142699720002986,1.12980309594075e-18
"277",0.284966668094925,0.562273719451275,2.81467442370023e-18,0.1527596124538,9.94105278520288e-19
"278",0.151186891497887,0.782532633132277,0.00328491248699958,0.0520674134542933,0.0109281494285423
"279",0.0197931627640827,0.945234071137681,0.0059749048206243,8.65315143129965e-18,0.0289978612776115
"280",0.151498261409237,0.0979756504540883,0.205178557079353,0.0202517525862829,0.525095778471039
"281",0.102723686911059,0.0293817077332708,0.195434329545765,0.121654233431525,0.55080604237838
"282",0.166203838978494,0.202872579907437,0.128808524407273,0.124825761245463,0.377289295461334
"283",0.00768709643935784,0.367053554980304,0.113657381861077,0.503697155026022,0.0079048116932397
"284",0.244770786107839,0.633008402194185,0.115611085063943,2.66262759751403e-18,0.00660972663403277
"285",0.0327784380519841,0.273722630091144,5.65024108426492e-19,0.537984968497359,0.155513963359512
"286",0.204539899603147,0.282441437166016,0.130946925281581,2.44249065417535e-17,0.382071737949256
"287",0.127287813868088,0.871158631408242,0.00155355472367027,1.7958892628879e-17,7.01786662915999e-19
"288",0.0638677235234458,0.764685733246373,6.31438969271487e-19,0.105166321677107,0.0662802215530745
"289",0.00907394482425349,0.224174207126467,0.200144655026047,0.139155487008186,0.427451706015046
"290",0.174726963029875,0.5311386159365,0.0630788250202635,5.61651248743419e-18,0.231055596013361
"291",0.11158630194642,0.0537230606268852,0.170995945094402,0.116789546034623,0.54690514629767
"292",0.153746108395921,0.846007331231287,0.00024656037279159,1.52115929760462e-17,7.23197914564147e-19
"293",0.234121497414512,0.590824166969971,0.15930278066399,0.00105268727867474,0.0146988676728524
"294",6.49649855811059e-18,0.940812873514863,0.00263239862833896,0.000337212736601224,0.056217515120197
"295",0.258465933046735,0.540153045667074,0.179944240799013,0.0211565049105372,0.000280275576640412
"296",0.241844931305823,0.319140643945557,3.75937934726353e-17,0.43901442474862,2.77555756156289e-18
"297",9.04320712416562e-18,0.730569868762325,1.42505949372103e-17,0.269430131237675,9.90821304836852e-19
"298",0.117306663022326,0.000456947936479257,0.000769625369499916,0.881466763671695,1.9850451016951e-18
"299",0.0254889406074058,0.420909112262403,0.185217312220596,0.000342123327816461,0.368042511581779
"300",0.431289883647361,0.404001909958013,0.00682814493706168,0.157880061457564,3.27906126717378e-18
"301",0.0629740189659664,0.43939834487409,0.183061397081385,0.0213490963602455,0.293217142718314
"302",0.0696070695737479,0.451489784526219,0.181817304240358,2.27227896294276e-18,0.297085841659675
"303",0.042922344552684,0.51432431504541,0.131018034936311,0.311735305465594,1.32789866691347e-18
"304",0.122440811729523,0.877559188270477,5.55111512312578e-19,1.38597792260583e-16,5.0598689370304e-18
"305",1.77255531677088e-18,0.807141521140601,1.13954535955419e-18,0.00535726091473341,0.187501217944666
"306",0.0744053398056977,0.0831175512983308,0.159093069652823,0.192334474653351,0.491049564589797
"307",0.221240127481638,0.112059208395256,0.182846347848313,5.9655280878431e-18,0.483854316274793
"308",0.241902113876256,0.455159017764927,1.75784985884845e-18,0.26577101782655,0.0371678505322673
"309",6.93889390390723e-19,0.795927174359678,0.0834573560804247,2.13919651832838e-17,0.120615469559898
"310",2.36505456326068e-18,0.216799562428765,5.10655530132753e-18,0.588351519349233,0.194848918222002
"311",0.344560117268459,0.454615942868678,8.54559540343753e-19,0.0509512554215813,0.149872684441282
"312",7.02980015573951e-18,0.640741246211797,0.189704262761747,0.157377740962541,0.0121767500639148
"313",0.151802433479506,0.113974043913161,0.15518214249279,0.052281655928061,0.526759724186482
"314",0.215121183506929,0.0461529528715082,0.0780688264552509,0.660657037166312,4.54805440911564e-19
"315",0.0622874430638446,0.926042069580724,1.51718778114504e-05,0.00243433375183194,0.00922098172578758
"316",0.218262167706102,0.439522331040014,0.02388255162508,0.295894538542716,0.0224384110860881
"317",0.112205871052837,0.0767390595468868,0.182784876273797,0.12645090476026,0.50181928836622
"318",4.91598506378634e-18,0.370596195416964,0.0759213187646994,0.553482485818336,1.43432567463323e-19
"319",6.10023034992352e-17,0.91609227473307,0.023234451543376,3.05437101207538e-18,0.0606732737235542
"320",0.295128849636263,0.0920831235837972,0.0251531737293475,0.183344356093144,0.404290496957449
"321",1.00469550724334e-17,0.606368676962979,0.0826352321194096,0.238027289921826,0.0729688009957854
"322",0.329037064381116,0.298092015822312,0.0710728200804728,0.259592890825346,0.0422052088907537
"323",0.0146511804360599,0.578637251217449,1.58073060572545e-17,0.406711568346491,1.64943514599048e-18
"324",0.0649700641490473,0.626702575797143,0.308273739815142,5.3620238667912e-05,2.01572519522565e-18
"325",0.0068612505620914,0.450314124286734,0.328492911709135,0.194985269217234,0.0193464442248052
"326",0.0448937842151252,0.510880028110804,0.00224050025905079,0.420447650281784,0.0215380371332353
"327",1.6082614655707e-17,0.920961271607383,0.0722276428123947,0.00681108558022275,1.6668187474277e-18
"328",0.391840361161631,0.266418998052095,0.00108656723362555,0.340654073552648,3.05596122176951e-18
"329",0.230895653221533,0.0547723491386439,0.152818735210284,0.0893171512034047,0.472196111226135
"330",0.231768713287171,0.426625990182604,0.0821320418971888,0.259473254633035,1.67818058107346e-18
"331",0.00429742988027179,0.758359012157056,3.22746080486139e-18,0.0934605837165329,0.143882974246139
"332",1.20612679568001e-18,0.803715270504285,0.00749541488436329,9.26571133417413e-17,0.188789314611351
"333",0.753349020388675,0.199207523424237,0.0472759069087031,1.17619848740067e-17,0.000167549278384979
"334",0.436239513997202,0.452162253415223,0.00817485956908046,4.5854272299344e-18,0.103423373018495
"335",0.101451530263922,0.223338806643844,0.114694250075236,0.233880485536732,0.326634927480266
"336",0.274419678391646,0.00636962408488507,0.0121100070066871,0.702155233925293,0.00494545659148905
"337",0.100732029080662,0.631816505925604,0.00442860453709969,0.236430232073153,0.0265926283834813
"338",2.56094152680824e-17,0.796133366291964,9.6856486810935e-19,0.0662252369189197,0.137641396789116
"339",0.138444289127573,0.140420093640007,0.149496881546853,0.296724454803308,0.274914280882259
"340",0.230185808832143,0.0176172743771386,0.0145675955557755,0.713473615145218,0.024155706089725
"341",0.166262179912388,0.345729254377615,0.0165100149816158,0.471498550728381,1.94337180641749e-18
"342",8.66191063505034e-18,0.329217520144599,0.00809545656724255,0.640673806433665,0.0220132168544938
"343",0.00462176894737811,0.625266222656539,0.334111933575389,3.08195344250934e-17,0.0360000748206941
"344",0.00327380097570455,0.173947763608102,0.189181699967389,0.103367060106185,0.53022967534262
"345",0.240174652993455,0.446376286938273,0.0271319711608754,0.246222926474832,0.0400941624325649
"346",0.00352746267522003,0.228664108974901,0.0420996210690544,0.518101600706817,0.207607206574008
"347",0.0379342736490758,0.535413167978937,0.145962308258373,0.214769607340931,0.0659206427726837
"348",0.0711394871021988,0.617020714853752,0.255519096902121,0.0563207011419283,4.16339831420225e-19
"349",0.0560830150613506,0.550577446611534,0.000199134220330858,0.393140404106784,1.258006290877e-17
"350",1.68951074818196e-19,0.532967721070167,0.137717273771834,0.281211755152628,0.0481032500053706
"351",0.000308998074689197,0.90331936165865,0.0726532014377551,0.0237184388289056,4.13990405890684e-18
"352",8.32667268468867e-19,0.415138865865412,0.0849291083911894,0.289238845697975,0.210693180045424
"353",0.0873650642912046,0.473806766710427,0.000335234064453655,0.438459434964043,3.34999698720832e-05
"354",0.0886004793303177,0.809239412287444,7.31350787223278e-05,0.102086973303516,3.53049754935059e-18
"355",0.374035049255412,0.0104620813423304,0.202406443272144,0.413096426130113,3.17701494737032e-18
"356",5.99987574144741e-18,0.410270674964712,0.362025511617883,0.00805320885779273,0.219650604559612
"357",0.296464178924729,0.703535821075271,8.75309162001978e-17,1.11022302462516e-18,6.15146421332731e-18
"358",0.0956083222436477,0.525841931963222,0.148498899174355,0.230050846618775,1.49652208566877e-18
"359",0.397587969334066,0.226643382903925,0.180820007158249,0.086710466103405,0.108238174500355
"360",0.272906045356499,0.655103765824112,0.0719901888193883,5.55111512312578e-18,1.29766561674999e-17
"361",0.444588365422905,0.0629404136440949,0.126849584718073,0.365621636214927,1.11022302462516e-18
"362",0.0496759783516281,0.106207816880052,1.18916705298301e-18,0.84411620476832,1.56861892444321e-17
"363",0.0935040882823902,0.890572951151267,5.40900832015769e-17,0.015922960566343,9.70986514694394e-19
"364",0.303020150573445,0.592678145618728,0.0307204886572389,0.0329421706309799,0.0406390445196083
"365",0.196023351607399,0.17878648533168,0.136939247425609,0.0394175896631665,0.448833325972146
"366",0.1597380162653,0.225848151567491,0.162700082496009,0.241162079695286,0.210551669975915
"367",0.273774177858276,0.548625197721334,0.073817866443828,0.103782757976562,1.11579889746564e-18
"368",0.0131987533939557,0.544467967421525,7.59258423388814e-18,0.442333279184519,1.72579995613671e-18
"369",0.205473647183451,0.481191495115818,0.013899315385266,0.299425465206232,1.00771092326809e-05
"370",0.2036951504156,0.0254552156288141,0.200335848210208,0.187481950901696,0.383031834843682
"371",0.18239312785994,0.109690735280255,0.247987171053127,0.165862934345684,0.294066031460994
"372",0.249725766357527,7.61391212032909e-18,0.229448544042985,0.51776805513539,0.00305763446409825
"373",0.363860500347333,0.234302907134748,0.194799908899333,8.32667268468867e-19,0.207036683618586
"374",0.244829663048473,0.261928023979062,0.00408236627393325,0.489159946698532,1.09449013687837e-17
"375",0.30762746706919,0.331781608318814,0.183645678254856,0.17694524635714,8.34309590591522e-19
"376",0.00375474409040214,0.89441941975791,3.58558216929983e-18,0.0348302388956977,0.0669955972559899
"377",0.00215203102427951,0.0391330996744546,0.0385880423036232,0.779317978813534,0.140808848184108
"378",0.0986685785124906,0.308660181013869,0.2301028576033,0.0558699024930845,0.306698480377256
"379",0.236651662494024,0.736782146814043,1.88583217301177e-18,0.00349831100236259,0.0230678796895713
"380",0.0206955560773866,0.549892606725758,0.0909258187642439,0.110049081551003,0.228436936881609
"381",0.0522588825033027,0.737202406173133,0.134624097092542,0.00387500703533916,0.072039607195683
"382",0.240320578726834,0.738559270730219,0.0211201505429474,3.10342618199014e-17,5.55268525596366e-20
"383",5.10079816966234e-18,0.899704606316563,3.29401323188019e-19,0.0614941562851269,0.0388012373983105
"384",0.121137226641485,0.142189024627992,2.36500880620685e-17,0.736673748730523,4.14150948098794e-19
"385",0.198265175752199,0.12779417674141,0.264023603489836,1.66533453693773e-18,0.409917044016555
"386",0.229304074497067,0.754033404555893,0.00530523147814784,0.000443080902642561,0.0109142085662492
"387",0.0344861341231792,0.642574403631363,4.90580426442348e-18,0.284327973196965,0.0386114890484929
"388",9.80133739027758e-05,0.416390122861371,0.277631348848811,0.30444449761428,0.00143601730163576
"389",0.618021419443958,0.125442861203746,0.000760803631289016,0.254133781563241,0.00164113415776642
"390",0.175776377934715,0.0671997099172647,0.107129986765522,0.563515427047843,0.0863784983346556
"391",0.00288925773305788,0.977773251772817,0.0021936769182111,0.00882877436417383,0.00831503921174021
"392",0.17460269082734,0.558250027098885,0.00159107414622786,0.134917619705222,0.130638588222325
"393",0.0328588940390997,0.364705615511367,0.00849756855447903,0.593691892505518,0.000246029389535807
"394",0.0800367230753058,0.0652748735098033,0.22087675638003,0.0932610410379889,0.540550605996872
"395",0.527473593280406,0.323937199802288,0.0588193413740073,0.0867885293877596,0.00298133615553978
"396",0.512242142336989,0.052919073539826,0.014337696894098,0.405329254681397,0.0151718325476893
"397",0.0204688329420098,0.899589725479766,0.0719928234231884,0.007948618155036,2.08864389418578e-18
"398",0.000476429087692603,0.769878768304843,0.0110139195595918,0.218630883047872,1.15292178721301e-18
"399",0.229201656761274,0.278138094007818,0.0526719885844182,0.402840142159992,0.0371481184864978
"400",0.478613000682198,0.184162213201719,0.0112821858656195,0.130886291523166,0.195056308727298
"401",2.22772805036148e-17,0.590603792345557,2.33260663534868e-18,0.408264823650767,0.00113138400367601
"402",0.22094035570088,0.10781038390038,0.200953129380728,0.0751286344860012,0.395167496532011
"403",1.39851732799483e-17,0.592961106225494,0.00151659249857407,0.403025867809039,0.00249643346689234
"404",0.394922273487393,0.557260795638039,1.04083408558609e-19,0.0126121718089632,0.0352047590656048
"405",0.150126647162298,0.371234108680395,2.67562899169823e-17,0.478639244157306,1.97999629504004e-18
"406",0.177979609660166,0.00208648753053587,4.94218040065326e-17,0.819933902809298,8.4737211035205e-18
"407",0.182200774234414,0.267427895161597,1.13830122742923e-17,0.550371330603988,6.93889390390723e-19
"408",0.0520835446697554,0.775886685548661,0.0289074525862814,0.0117957848448692,0.131326532350433
"409",0.00139297184466879,0.849499073054164,0.0434629656312995,0.0313219583528145,0.0743230311170533
"410",0.00541390469137558,0.994332928385311,0.000253166923313166,1.5426910065009e-17,5.75045128369143e-18
"411",0.163021974527825,0.240758727989293,0.297034238835404,0.000762733276855274,0.298422325370623
"412",7.29793476666779e-18,1,7.74808453230522e-18,7.73453273582706e-17,2.69116801947472e-17
"413",0.211350721915177,0.530222480668358,0.0855469819636446,0.17287981545282,2.80388005518429e-20
"414",0.456353643793287,2.3200092216856e-16,0.0154550002827642,0.528191355923949,2.10268183036351e-18
"415",0.00451833084969224,0.83629759821251,0.0322150198182615,1.90542109866367e-17,0.126969051119536
"416",0.368221846287311,0.27506610742692,0.0856524717438862,0.252614264630857,0.0184453099110263
"417",0.109093903412841,0.770771188552333,0.00154572857037238,0.118589179464454,3.52909873658011e-18
"418",0.302552398524101,0.502340180517128,0.0570404306584666,0.0998419349886308,0.038225055311674
"419",0.0618949290027094,0.229156809473997,0.177905919137721,0.357515568705349,0.173526773680223
"420",0.0719659657603873,0.391437284759936,0.199044014532434,2.08166817117217e-18,0.337552734947243
"421",1.60308255211267e-17,0.761623407793091,1.9390191584124e-17,0.189457288675238,0.0489193035316705
"422",0.168656258110108,0.385058804062732,9.20916493828739e-07,0.000237719363437641,0.446046297547229
"423",0.384322671904621,0.495402638334398,8.44035175899062e-18,0.120274689760981,5.55111512312578e-19
"424",0.140987233066675,0.631696355502602,0.00775532716230778,0.219561084268416,6.67490993279748e-18
"425",1.30877658258147e-17,0.717693485753416,0.123875192988944,0.000747046955743961,0.157684274301896
"426",0.220641016161959,0.294652985424454,0.0490510344241036,0.435654963989484,1.3998576718706e-18
"427",0.199836687908782,0.0839693919924971,0.191529058602981,0.0763093759750192,0.448355485520721
"428",0.0156760770200716,0.34063498737258,0.0216678658781384,0.616561850843186,0.00545921888602368
"429",0.387616160347575,0.292083579538903,0.0953528192267177,0.224947440886804,1.28369538724124e-18
"430",0.165446157449869,0.420965400698193,0.145659289211333,1.95649249726747e-05,0.267909587715632
"431",0.00951746738194409,0.869793452319125,0.116176216450594,3.43785212443394e-18,0.00451286384833732
"432",0.255810612151477,0.137600126973253,0.113356307918229,0.137743253159644,0.355489699797398
"433",0.217022558136601,0.770448479820764,0.00207555775869488,0.000999344868444709,0.00945405941549601
"434",0.0156060620981537,0.645881206393208,0.000667463742412507,0.335242292872345,0.00260297489388021
"435",8.07557613600382e-18,0.796440125834008,0.203559874165991,8.77956204619875e-18,2.8597123155936e-18
"436",0.151352510795979,0.613116985878667,0.0317512314221451,1.21952057371517e-17,0.203779271903209
"437",0.0815848412310659,0.136203997655957,0.131109159275334,0.179899340763975,0.471202661073669
"438",0.393713514135964,1.3422338816605e-17,0.0416414825849326,0.564521221967609,0.000123781311494025
"439",0.238796032597446,0.209931935447796,0.225611596308219,0.325660435646539,1.8448711576068e-18
"440",0.10953827763454,0.047649664844404,0.198885356885982,0.104402516351126,0.539524184283949
"441",0.311070275385431,0.401075323031727,0.0694554012239941,0.16302512266288,0.0553738776959679
"442",4.07925675380186e-18,0.411711784715239,0.231315301734536,0.0145107505523008,0.342462162997923
"443",5.7626953512155e-18,0.801388814531445,0.117262347918131,0.0720183130064571,0.00933052454396707
"444",0.213062654573398,0.516333127789695,0.234072673742083,0.0365315438948239,1.90943763224726e-18
"445",0.132610142802513,0.0712697221389673,0.193603494256145,0.0944538728686062,0.508062767933769
"446",0.162797049247256,0.696530651491704,0.14067229926104,6.0689363634108e-19,4.93567139745507e-18
"447",0.263793008316595,0.540632879625655,0.0513257403476596,0.144248371710091,6.96399846770241e-19
"448",0.107603051911041,0.259715437649608,2.22093048631285e-18,0.365156594014887,0.267524916424463
"449",0.078462314579607,0.547335493602311,0.0318755396102937,0.115036608831229,0.227290043376559
"450",0.0288302370528013,0.510298699129605,0.0404745171754789,0.204252400190732,0.216144146451383
"451",0.0209139263215891,0.360687525229079,0.0525766045705363,0.501061144699802,0.0647607991789944
"452",0.117992241586535,0.414453676632554,7.7715611723761e-18,0.244756970283644,0.222797111497267
"453",0.00931500173228851,0.578662245643711,0.00229673959965319,0.398713301962842,0.011012711061506
"454",0.0522696338261765,0.260152351724815,0.000480634120048263,0.687097380328961,6.58470940350962e-18
"455",0.140242870373634,0.735584803392807,0.000101543069987373,1.34023530406962e-17,0.124070783163572
"456",0.0260745277788454,0.965566455569431,0.00144401647400576,0.0069150001777177,7.87614224905046e-18
"457",0.00255988497362853,0.510502491858169,0.170995820183963,0.315941802984239,8.32667268468867e-19
"458",0.111697383500576,8.20951737747566e-18,0.0839519342203876,0.764440253491076,0.039910428787961
"459",0.0123229875555369,0.876216112966208,0.00468689558089178,2.34396543513056e-05,0.106750564243012
"460",0.132845707460462,0.2014997756656,0.16514582058439,0.0431869872379304,0.457321709051618
"461",0.128467331844957,0.000247378078934765,0.193878247727438,0.151754683418856,0.525652358929814
"462",0.109857741164112,0.139652629991326,0.214053980249235,0.103455269481012,0.432980379114314
"463",0.00541781522760533,0.808563977576916,0.105845491155589,4.25868051910761e-17,0.0801727160398894
"464",0.387172064668946,0.514324905581136,1.3031555687415e-18,0.0932549572575915,0.00524807249232596
"465",0.402764726674985,0.398386732030774,0.0866268825751366,0.00374826435245728,0.108473394366647
"466",2.75767788736831e-17,0.907851388820903,0.00234363062037324,0.0898049805587234,6.81450555399157e-19
"467",0.276511193992041,0.294010232247365,1.09013414980995e-18,0.417353060833619,0.0121255129269746
"468",0.243211449318204,0.425450703243984,0.118653207263175,4.44089209850062e-18,0.212684640174637
"469",0.0400516561158828,0.184347485520209,0.203827707492071,0.0979781692011493,0.473794981670687
"470",0.218020652858463,0.575388044359308,0.157213292204015,4.8575650614071e-19,0.0493780105782145
"471",0.0919102029440933,0.708632072333946,0.00171693883937852,0.000223955585653846,0.197516830296928
"472",0.211771550966077,0.321699824677718,0.165571900778522,1.66533453693774e-18,0.300956723577683
"473",0.229241077445484,0.207255108052455,0.145492883403775,0.0099266770165895,0.408084254081696
"474",0.0534031579265337,4.59068933245227e-18,2.34400019262847e-17,0.946596842073466,1.11677751592641e-17
"475",0.260180442952472,0.0115947470196887,0.197426556446141,0.036043807075882,0.494754446505816
"476",0.498034858027982,0.328317929036762,0.0389277012233439,1.23164668395343e-17,0.134719511711912
"477",0.00310018832035682,0.993157713819434,5.75931546377309e-18,5.22718931496895e-18,0.00374209786020895
"478",0.0984409155695824,0.0664124931484229,0.20106769753677,0.127873464851416,0.506205428893809
"479",0.278533269383996,0.72093279997923,0.00053393063677323,7.96750614512531e-18,5.66885590584595e-18
"480",3.13205752738544e-18,0.853609954466521,0.0732554263252346,0.00177130946091726,0.0713633097473267
"481",0.204856216066156,0.0360220947462323,0.170230749119569,0.145266969061568,0.443623971006475
"482",0.0760095041017947,0.824627058690574,2.37174525975524e-05,0.0012966858578221,0.0980430338972121
"483",0.0354405167042968,0.20280188980668,0.186112644667815,0.236404314178148,0.33924063464306
"484",0.430056174360276,0.29023251234024,5.77162033678166e-18,0.279547175235941,0.00016413806354332
"485",0.257519912881315,0.703818101197042,0.00291593603112698,3.36294459220126e-17,0.0357460498905158
"486",7.23875287951571e-18,0.965894828332388,6.93026397134896e-05,0.034035869027898,9.52034445356311e-18
"487",1.82108994916926e-17,0.227677963235101,5.48454882331348e-18,0.769182820510677,0.00313921625422294
"488",0.24908445549618,0.00389687197025387,0.212102231407801,0.12754968090761,0.407366760218155
"489",0.0587692900025026,0.0825750612132954,0.132956968069214,0.173140639979539,0.552558040735449
"490",1.6052089211659e-18,0.835404440949672,0.0242915131042266,0.130726494400489,0.00957755154561252
"491",0.0917787069290049,0.0607685838363269,0.192969399227533,0.126559827729686,0.527923482277449
"492",3.90162030422333e-18,0.929519111362501,0.0680421224915556,2.2401022258781e-17,0.00243876614594326
"493",0.107819517730986,0.545158693801465,0.0812482299563193,0.0937510303287001,0.172022528182529
"494",0.116722290388456,0.0660745863807239,0.181945466983499,0.0966245416464451,0.538633114600876
"495",0.0587594997977982,0.405622224232745,0.0334965674377432,0.487654271698882,0.0144674368328319
"496",0.357000371935252,0.138664527466391,0.292011191954299,0.212323908644059,2.01332745852357e-18
"497",5.55111512312579e-19,1,3.00932003329447e-17,2.9492365607483e-17,1.4584639076978e-17
"498",0.117212940589181,0.108976442375816,0.178458712795111,0.0944148988032975,0.500937005436594
"499",0.395464755272368,0.538888167923295,0.00416423969862075,0.0333111880816406,0.0281716490240762
"500",0.0320088565347739,0.738086478734005,0.229904664731221,7.56118857515655e-18,1.02143807235971e-18
"501",0.179040415573005,0.812779534803787,2.58509108973215e-17,0.00818004962320856,2.65790583656739e-18
"502",0.098101528084681,0.513210151854789,0.0516956034187343,0.321860317291803,0.0151323993499925
"503",0.401131914852617,0.464318401073842,0.054789624957822,1.11487831159741e-17,0.0797600591157186
"504",0.0265198392691385,0.95291400751128,0.0205661532195817,8.3633514999123e-18,1.33776808315898e-17
"505",1.20352371880319e-17,0.669771015541336,0.17677199850549,0.0089435314026488,0.144513454550525
"506",0.00480758044947091,0.219421002577524,0.383016847704372,0.392347600886596,0.000406968382036598
"507",0.32549781980859,0.667138258945048,0.00660438753025096,0.000404057812728566,0.000355475903382343
"508",0.178112916482005,0.170126813102424,0.112532900343705,0.126707578022384,0.412519792049482
"509",0.00226391936133558,0.820462310971871,0.113435553202979,1.36791351129883e-17,0.0638382164638146
"510",1.04231080134088e-17,0.394141108227986,0.197377132767155,0.0883212218116793,0.320160537193179
"511",0.173918645578078,0.33738719740633,0.135790984645933,0.0299639154065225,0.322939256963137
"512",0.378373544471261,0.362562109931938,0.0377423130483408,3.77204825325106e-18,0.22132203254846
"513",1.15436820558836e-17,0.623027328051055,0.218060714774363,0.158911957174582,4.56126781130718e-18
"514",0.191683761180021,0.618503236951517,0.0124946274150991,0.176984491942738,0.000333882510624174
"515",0.47940858227329,0.18011566293521,0.0180729632980141,0.322402791493486,8.48794664325539e-19
"516",0.00543719086964599,0.757967674951612,1.21841894749676e-17,4.77902227325608e-17,0.236595134178742
"517",0.10787143505037,0.0484753578298797,0.187946856121582,0.125750628291069,0.529955722707099
"518",0.0485637107789135,0.619481595933616,0.00111508495320917,0.0684513266376783,0.262388281696583
"519",0.101306815729073,0.0975937107525317,0.184896873206028,0.112401997127059,0.503800603185308
"520",0.0571004337865157,0.142618242765666,0.232924219031956,0.253810981477085,0.313546122938777
"521",0.271205798269569,0.365951577105509,2.6269086699218e-18,0.285440465306112,0.07740215931881
"522",0.40429636732059,0.573665818187312,4.2020145292611e-19,6.62168664705386e-18,0.0220378144920976
"523",1.50545231680623e-17,0.989813025013783,1.86828190576711e-17,0.00301282558342261,0.00717414940279452
"524",0.0037987288819505,0.540739150585988,0.00368599795512736,0.220585046236583,0.231191076340352
"525",0.357140317448106,0.336680778114364,0.177639548370765,0.128539356066764,8.32353842194744e-19
"526",0.0540159727401938,0.657085384732962,0.157694236639482,0.131204405887362,1.40481319648278e-18
"527",0.00352971889379406,0.585734698483079,0.172779286889552,1.05390612291316e-17,0.237956295733575
"528",0.133065254514617,0.0387425276041941,0.208209671430543,0.0719979663965692,0.547984580054077
"529",0.594519639224422,0.0389910467328087,4.60360448945126e-19,0.332447667440173,0.0340416466025961
"530",6.36965896611573e-19,0.579066943189427,0.0935174799851196,0.327415576825453,2.10478843058467e-18
"531",0.127439349796888,0.01975483804453,0.192293264045812,0.148252053754882,0.512260494357887
"532",0.0219799808605274,0.841574665343081,0.00367852174031631,0.0473262175113702,0.0854406145447049
"533",0.0890218352209934,0.339647303774899,0.0586534300728082,0.359197598500718,0.153479832430581
"534",0.550864185960802,0.447392299642297,0.000436001702982817,4.47983596716434e-18,0.00130751269391896
"535",0.183862318733063,0.0753917667258048,0.179626655887997,0.0809365135218412,0.480182745131294
"536",0.0175753013544189,0.265402434127745,0.0475696495396814,0.543664228957709,0.125788386020446
"537",0.23554204507488,0.17024169266947,0.00652140105774547,0.587694861197905,1.22715515980507e-18
"538",0.107965702228395,0.0413092666323751,0.196838119298396,0.106492044853898,0.547394866986935
"539",0.131262460865152,0.736689449836198,2.43591086876454e-18,0.000232385109122315,0.131815704189527
"540",1.34599903581083e-18,0.164500795045996,0.270190107150521,0.565159228789135,0.000149869014347267
"541",0.150123622208787,0.479976540218176,0.123752832302593,0.0114552254633761,0.234691779807068
"542",0.658261495387396,0.303271436102541,0.0361146544874017,0.00235241402266083,1.00522960036148e-18
"543",0.102786240578523,0.0343204741955749,0.192977084325697,0.129588863879353,0.540327337020852
"544",0.452399089389623,0.547256136438515,5.32146875506803e-05,0.000291559484311571,3.91145579652755e-18
"545",2.61938868279613e-17,0.65099943498246,1.57077060391663e-19,0.320761045094695,0.0282395199228449
"546",0.181817905781148,0.672811390494092,0.0168548075716076,0.127595991548609,0.000919904604542778
"547",0.0994684056117662,0.80552203095407,0.0430076283554043,0.000954186397013006,0.0510477486817464
"548",0.114702990667008,0.0479857455641724,0.194366627193524,0.104550880993337,0.538393755581959
"549",0.106624099867152,0.249316142303077,0.18054961354077,0.371080285778973,0.0924298585100277
"550",0.00468689360773887,0.368271049533098,0.238096386746655,0.388945670112508,4.40845680231981e-18
"551",0.303104488678546,0.622309276406503,0.0499755407360337,1.26750404174361e-05,0.0245980191384999
"552",0.219554414631845,0.616541839629172,0.0647376417757151,0.0991661039632674,2.4980018054066e-18
"553",0.305150537771731,0.122214769702268,0.209667824216793,0.00043821591731221,0.362528652391896
"554",1.02644266574394e-17,0.50782541230162,0.000160408849761613,0.492014178848618,3.3705978286777e-18
"555",0.184011834411352,0.18091429603494,0.142645202317688,0.16928550766152,0.3231431595745
"556",0.0955215989134002,0.883581871112649,0.00524999155113799,1.03422393779038e-17,0.0156465384228126
"557",0.331099650137458,0.185062458945056,0.140207032323724,0.0841849051989186,0.259445953394843
"558",0.0038131946914783,0.657890166400589,0.117699570566932,3.09455051653869e-05,0.220566122835836
"559",0.0846397235383458,0.319395969070242,0.15969862775667,2.77555756156289e-18,0.436265679634743
"560",2.7682621779708e-17,0.707409071508683,0.00544041803999711,0.00485922785353565,0.282291282597784
"561",0.0879355701213466,0.0899137949009127,0.228546082485158,0.122406307117513,0.47119824537507
"562",0.0126301762560159,0.359638321657319,5.97803172905172e-18,0.511741351354238,0.115990150732427
"563",0.0366311926394897,0.503656344799116,0.111771010340994,0.0896161348253755,0.258325317395025
"564",0.0800441839816668,0.546866346269622,0.113004669069478,1.89896816619366e-18,0.260084800679233
"565",0.324594033599987,0.00023799421315339,3.12365412912551e-18,0.596332100775176,0.0788358714116841
"566",0.123089640708434,0.0414141837347478,0.211247024241587,0.0952101689843397,0.529038982330891
"567",1.1649980665898e-16,0.902985500274349,0.00012606150369665,0.096888438221954,5.89923629962794e-18
"568",0.0911452741856244,0.474549367467559,0.0805110388636626,0.00998704904406792,0.343807270439086
"569",0.0193766278495348,0.743282005276966,0.161388556010902,1.43650198640008e-18,0.0759528108625973
"570",0.115106299232148,0.222591257194373,0.0593371542444579,0.190166468894352,0.41279882043467
"571",0.435176338202477,0.0292588294456386,0.175101307418806,0.337517524186518,0.0229460007465605
"572",5.27967081966406e-18,0.641081201959048,0.225126285257432,0.133438448204723,0.00035406457879592
"573",0.110903662960863,0.0459641570491515,0.196123910719137,0.119966770200296,0.527041499070552
"574",0.120836855216385,0.0650107852398981,0.166456646934196,0.151361950500765,0.496333762108756
"575",0.166789299680602,0.502445067868227,0.26018320821932,0.00162512585326019,0.068957298378591
"576",0.149052789888403,0.380720589955261,0.0801838645221426,0.0288493695050477,0.361193386129146
"577",0.0782038889625709,5.28351372725214e-18,1.59880547705244e-17,0.921579674858691,0.000216436178737784
"578",0.000975710967307235,0.479914558397791,0.235301292417053,0.283808438217848,3.12016596559637e-18
"579",0.13963618772005,0.401036650283173,0.459327161996777,1.92470905662986e-17,9.2222057099879e-19
"580",0.39385216687803,0.342007333784829,0.0198457216754643,0.243693995179879,0.000600782481798112
"581",0.161428089487647,0.693789591478405,5.09824442479452e-17,1.40863184452438e-17,0.144782319033948
"582",0.44038074806153,0.28524591659879,0.196553771057028,5.51084908747672e-18,0.077819564282652
"583",0.435372638611795,0.387362443122553,0.139990741102631,0.000373109654560046,0.0369010675084617
"584",0.852772265736139,3.46153032134414e-17,0.061972845621406,0.0685801402408665,0.0166747484015883
"585",0.390209519808015,0.194554201685049,0.138508399893495,0.275281634134891,0.00144624447855033
"586",0.0364830879374569,0.298675172816518,0.114903297375525,0.360151632020841,0.18978680984966
"587",0.584811599475131,0.281271518287568,0.00533958036766912,0.050643235721795,0.0779340661478374
"588",0.305703992265881,0.561780040232018,8.59257737009807e-18,5.55111512312578e-19,0.132515967502101
"589",0.0696499978878748,0.380697704724153,0.00107805301081166,0.54857424437716,1.30610679660924e-17
"590",0.497186733482502,0.42514383611332,0.0247911793184817,5.55111512312578e-19,0.0528782510856963
"591",0.178085198081416,0.263364845545828,0.148760126973877,0.0113400943511613,0.398449735047718
"592",0.0492852756326834,0.892358123163545,0.0579670985160377,0.000389502687733786,1.62048299268637e-18
"593",0.536805759730101,0.347337834682902,3.52030322408826e-18,0.092243754251923,0.0236126513350741
"594",0.126239404286792,0.627391435238852,0.135205715584895,0.00944702085722408,0.101716424032237
"595",0.161225932075863,0.242888292844546,0.148658854777526,0.0413852121438534,0.405841708158212
"596",0.289665357457591,0.57554318609983,3.13223509321013e-18,0.00447879782716287,0.130312658615416
"597",0.210304061439138,0.437326133563914,0.0564362502835924,0.295933554713356,3.46944695195361e-19
"598",0.106267600755883,0.072946669614171,0.18554130712305,0.118435986334617,0.516808436172279
"599",7.56177576050549e-17,0.964303697515717,0.000721750445076007,0.0349745520392073,4.23232363433308e-18
"600",0.0394560875265829,0.770943804207061,0.138040680834789,0.0358282908852275,0.0157311365463389
"601",0.0100992197800593,0.313929180340945,0.0590663656296866,0.239055502741907,0.377849731507402
"602",0.107004310866489,0.105671050719487,0.165775441724537,0.114859887392784,0.506689309296703
"603",0.0712944060874572,0.674934324550312,1.19520952929065e-18,0.253771269362231,3.00871244540703e-17
"604",0.0286899217484249,0.778718186655486,0.0012438835790869,0.165075103448752,0.0262729045682502
"605",0.428469211320825,0.524094139256934,0.000314069424486348,0.0471225799977544,2.72966735247287e-18
"606",0.499935381608583,3.18080165819014e-17,0.00186277637078708,0.41587767085213,0.0823241711685
"607",0.199569311653905,0.111300459920818,0.126194102996129,0.400849167490581,0.162086957938567
"608",0.351352590181875,0.545690547651386,0.102674584537179,0.000282277629560141,5.05034340549392e-18
"609",0.137137111318157,0.475626218722607,0.0527484963097301,0.113638215855843,0.220849957793664
"610",0.0429653465523592,0.814397735357182,0.00181017549933907,0.125821915966492,0.0150048266246278
"611",0.120782873375111,0.704736416391291,0.0760747991425578,0.0984059110910401,2.2435124584018e-18
"612",0.0170915785593424,0.46852626504456,0.00462304718974315,0.509570381818617,0.000188727387737017
"613",0.563493179555591,0.386500340496768,0.0491135297679242,0.000892950179716429,5.80902624321164e-19
"614",0.0552572449578761,0.488159180009201,0.145989740610854,5.14699649922985e-18,0.310593834422069
"615",0.0643582391508387,0.710527822554018,0.225113938295143,3.72223724874608e-17,1.00333875442351e-18
"616",0.0074695743945715,0.463311667089932,0.248815387201049,0.280403371314448,1.91442380695146e-18
"617",0.3174690113467,0.222672328388516,6.61992145292739e-18,0.457792211209778,0.00206644905500634
"618",0.13239454059536,0.291875937531233,0.241313797349006,0.0367776738871184,0.297638050637281
"619",3.69259828282133e-18,0.789080709504166,0.00122042261873744,1.44767279540458e-17,0.209698867877097
"620",0.550438793160232,0.449561206839767,8.32667268468868e-19,8.65912418084387e-17,5.08994916300323e-18
"621",0.448725976051878,0.536597487394969,0.000544499706046145,1.00216256907582e-17,0.0141320368471067
"622",0.107021575557306,0.643194472677658,0.0913845443306962,0.15839940743434,5.55111512312578e-19
"623",0.0200358855158545,0.657045681664309,0.0871112553886129,2.9989527751818e-18,0.235807177431224
"624",0.42747443893518,0.13335360889697,0.0163286795187922,0.422843272649059,1.76711172300035e-18
"625",0.0236553479823655,0.778889612091613,0.14481349097103,0.0064030269661546,0.0462385219888378
"626",0.0988522742663792,0.575494166136898,0.325607980114223,4.55794824997619e-05,4.39977215853267e-18
"627",0.0659072914995951,0.135845150589626,0.155502763428582,0.157858777210954,0.484886017271242
"628",0.36812980535346,0.389323273712309,1.11022302462516e-18,0.179549457704247,0.0629974632299839
"629",0.267830062984009,0.437712921159067,0.125810534480584,0.0948394376240694,0.0738070437522701
"630",0.171960851611979,0.640566761489965,0.18698208854891,0.000490298349145675,1.589877454253e-18
"631",0.213832537082053,0.493709005520145,0.00926632307269722,0.283192134325105,1.96707621362406e-18
"632",0.344878463404626,0.29170074927876,0.0418913798874093,0.225417973266545,0.0961114341626603
"633",0.662666132931889,0.0744216695968134,8.38010584242152e-19,0.219925918403976,0.0429862790673222
"634",0.322007510309145,0.486693294073077,0.100786997133608,0.0282177482055106,0.0622944502786591
"635",1.02876739400139e-17,0.911117121840773,2.5163661813931e-18,6.95330270323619e-17,0.0888828781592269
"636",0.454456452656213,0.5455151831758,5.09508662729622e-18,1.56371686892848e-17,2.83641679863988e-05
"637",0.294286447156313,0.484496051069334,0.186174963285075,1.15968486000822e-17,0.0350425384892781
"638",0.240719406529828,0.183977833515121,0.0082092218663175,0.567093538088733,2.70274738383077e-18
"639",0.0861382744488741,0.626620609916595,2.77555756156289e-19,0.287241115634531,7.10411246129093e-18
"640",1.35288233049274e-17,0.37846699928317,2.45474086010171e-18,0.315559271520511,0.305973729196319
"641",0.364201980494789,0.545204539498089,5.1995276245191e-18,0.0905934800071222,3.39320777502819e-18
"642",0.262254348123884,0.737745651876116,4.7520591369402e-17,5.69814859593629e-17,5.55111512312578e-19
"643",0.585089767228717,0.413098121933112,0.00181211083817079,3.34293302262495e-17,1.23244076445331e-18
"644",0.245938497372773,0.626394425409286,0.0541783118831719,9.76159132989792e-19,0.073488765334769
"645",0.293931896508142,0.0563621971851565,0.0322999050806359,0.354003996780287,0.263402004445779
"646",0.108829682665932,0.0240284392956131,0.194590839276177,0.12151431152588,0.551036727236398
"647",0.285070603737812,0.570518082716006,0.113178951540476,7.10771889918505e-18,0.0312323620057062
"648",0.0337692894224966,2.85230961176365e-17,0.184860343101387,0.720205586024208,0.0611647814519089
"649",0.0313107434532421,0.592538725285225,0.0442108006309351,0.331939730630598,1.86200378645557e-18
"650",0.172039299734825,0.663163087916059,0.00665275100054469,0.0329883652541349,0.125156496094437
"651",7.5958494232668e-05,0.99441345158494,7.00279204135372e-18,0.0055105899208269,2.87253723367958e-18
"652",1.3320964117916e-18,0.758206632491085,1.7656489417064e-17,0.230852681936581,0.0109406855723343
"653",9.02668214712274e-18,0.937873661515003,0.0378645040448385,0.000581954215994027,0.0236798802241644
"654",0.357239500408986,0.624671959028413,1.59884728248576e-17,0.0180885405626017,1.84420137182683e-18
"655",0.000184825586618092,0.789244455626204,0.0895230793286164,1.39044381388104e-17,0.121047639458562
"656",0.190738039821892,0.000502311741893803,0.00347238640603791,0.805287262030176,3.56695197087138e-18
"657",3.21000825093326e-18,0.231328759869335,0.0820074461561177,0.628971091630294,0.0576927023442541
"658",0.346071619752889,0.446960179480287,0.0556345903564339,0.102333571842576,0.0490000385678135
"659",0.456466275927095,0.339274958266625,2.66412924649607e-18,0.170013927769232,0.0342448380370478
"660",0.000565391365668163,0.80890294540189,0.014433402113559,0.165201116326549,0.0108971447923335
"661",0.327212319207398,0.671070872447087,0.000465673035067155,0.00125113531044825,1.49935522205451e-17
"662",2.77343746143271e-17,0.77632156783044,0.205672697184822,1.87941727267311e-18,0.0180057349847387
"663",0.0151263728142449,0.426990735746537,0.129946051844354,0.0211050553379996,0.406831784256864
"664",0.26146397532331,0.404150129248916,0.00380325511740842,0.330582640310366,4.61767242619084e-18
"665",0.467936000848314,0.341525044934959,0.180454428273312,1.35158475882876e-18,0.010084525943415
"666",0.171252302338202,0.509097988993279,0.101054373738188,0.215127497763634,0.00346783716669639
"667",0.185477346105279,0.761009310666045,0.00162602020087991,5.12254207232156e-18,0.0518873230277959
"668",3.60050688478804e-18,0.00899759698535616,0.0188004434941922,0.971523970066987,0.000677989453464889
"669",0.00315537618688614,0.802196729124689,0.193573517544831,0.00107437714359418,2.73211527912529e-18
"670",0.101415365055323,0.230826657241343,0.323129890968569,0.138723970313229,0.205904116421537
"671",0.265506636439881,0.284043194497467,0.177037323947176,2.77555756156289e-18,0.273412845115475
"672",0.0954520811946348,0.139994030422776,0.233768538437237,0.143324751951147,0.387460597994205
"673",1.36058819433808e-16,0.424727869784349,0.459302401354176,0.115969728861475,4.37142610895976e-17
"674",0.180559852633707,0.600698496070976,0.0599052508838098,0.158836400411507,6.24467389963437e-20
"675",0.308662031821605,0.680922700366309,0.000168186174552795,0.00142462074922368,0.00882246088830936
"676",0.0984448291751765,0.798511193724255,0.00288887878534803,0.0758718012697251,0.0242832970454953
"677",0.108039165804887,0.0895695297704784,0.19283467224836,0.110106029920744,0.499450602255531
"678",0.335256426920608,0.636843616794578,2.75612101241072e-19,1.04326358389031e-17,0.0278999562848143
"679",0.365225806706294,0.402962340575812,0.212944801243966,0.0188670514739285,1.01578906561677e-18
"680",0.295147524939774,0.529216382912689,0.174234365406396,0.00104335840524123,0.000358368335899907
"681",5.48945905626579e-17,0.681072187922466,1.45233387487925e-18,0.317032375808792,0.00189543626874194
"682",0.229029489465127,0.644553519462346,0.00487080092425543,0.0745038563906649,0.0470423337576069
"683",0.153096839752321,0.321757457773709,0.242636258298964,0.0449035130591802,0.237605931115826
"684",0.814388818300173,0.145735176910402,0.0261819297524276,1.32662897405576e-18,0.0136940750369973
"685",0.0505728759775039,0.882898519219453,0.0213812186581671,0.0451473861448763,1.08588293343407e-18
"686",0.561427536657932,0.153546506255999,0.0530182963376409,1.75018454935066e-17,0.232007660748429
"687",1.36648072088315e-17,0.407966758554699,0.352979797348356,0.239053444096944,3.60822483003176e-18
"688",0.226589318901616,0.558107844373693,1.2082727484554e-17,1.2490009027033e-18,0.215302836724691
"689",0.555997877023921,0.444002122976079,3.98565626972516e-18,1.65545365896012e-16,9.07139071956268e-19
"690",2.43271942982851e-17,1,2.59011661026309e-18,6.09668244620493e-17,4.03850645577493e-18
"691",8.85961553701235e-18,0.0419456699708026,0.0865695081724031,0.668153107450146,0.203331714406649
"692",0.153895292080191,0.0228591625444077,0.00329492224767401,0.819950623127728,2.73025436098114e-18
"693",0.0119021449892804,0.494034083408625,0.000871034504619718,0.493192737097474,3.96887872894841e-18
"694",0.410571084304823,0.589411204657883,2.85485680524439e-18,2.13665445050067e-17,1.77110372942575e-05
"695",0.00818937823988142,0.505962165708069,0.271546346566289,0.0137356629831872,0.200566446502573
"696",0.0213906653157729,0.416745993446559,0.00422817741648607,0.557635163821182,6.19563308770507e-18
"697",0.0905034307697384,0.360081752405948,0.0781988276586162,0.471215989165698,4.25022997480894e-18
"698",0.147933246659074,0.553238309363099,2.07152826246461e-18,0.0302057715555185,0.268622672422309
"699",0.0195374197718746,0.29017724548895,0.0473818179075977,0.442243330596909,0.200660186234669
"700",0.0275411959059586,0.109484939566034,0.166277018053777,0.159286298997111,0.537410547477119
"701",0.0959780576661025,0.60200398744432,0.0533398999622133,1.74870159664314e-18,0.248678054927364
"702",0.0297935633889298,0.295184265924216,0.124637331054089,0.152343721610517,0.398041118022248
"703",1.13200624534142e-17,0.762181340986882,0.00692871205068856,0.215829519033532,0.0150604279288972
"704",0.369966011800564,0.0664459609498401,0.157350002601259,0.0934289898369373,0.312809034811399
"705",0.0849712266645831,0.250480319703767,0.120420722467251,0.517330516805811,0.0267972143585877
"706",0.16764966415307,0.00111548789801753,0.223739824351954,0.0579601961453653,0.549534827451594
"707",0.101503809719321,0.0868227103982612,0.147118447226614,0.19491391560521,0.469641117050594
"708",0.202061243438123,0.7904298941295,0.00687544373032689,0.000633418702050698,5.01967167986814e-18
"709",0.478173993987162,0.350153392738389,0.0790815534543023,3.88588279376962e-18,0.0925910598201472
"710",0.207017910937175,0.0570829047140537,0.0477879804102563,0.344039058751969,0.344072145186547
"711",0.150994444769942,0.481243883689776,0.00237228562103667,0.154888692541838,0.210500693377407
"712",0.200511122036325,0.0481216126093648,0.17861328841455,0.23240794371954,0.34034603322022
"713",0.317211249982968,0.587206606974177,0.00045634222828042,0.00105759670475096,0.094068204109824
"714",0.00325362772883296,0.481473538896868,0.000372387364804642,0.478898708285391,0.0360017377241038
"715",0.0579746649030434,0.468170227056879,1.77551291681022e-18,0.251870947958909,0.221984160081168
"716",0.114713691925091,0.642808118413699,0.085462349472853,9.61684240105488e-18,0.157015840188357
"717",0.0972394435988485,0.317824120885572,0.148570912430738,2.77555756156289e-18,0.436365523084842
"718",0.0356977277993598,0.436053803915331,0.164070487564918,0.364177980720392,1.57436429994672e-18
"719",0.213682822106772,0.634365188962888,0.0132122338078752,2.46725404438731e-18,0.138739755122465
"720",0.371849045288751,0.589746569561989,0.0384043851492601,7.63278329429795e-19,2.60712145738364e-18
"721",0.0874955541175503,0.101886817781724,0.22061446672875,0.102360768470916,0.48764239290106
"722",0.0214339719169442,0.693354074961627,0.0429399848513543,0.189062847570086,0.0532091206999884
"723",1.83895542294797e-17,0.599906981313166,0.0206379553712379,0.379455063315596,9.91439084284824e-19
"724",4.80646539245269e-18,0.331893615010658,0.00106167440813373,0.599243153462322,0.0678015571188864
"725",0.0013171130343511,0.884685108866959,0.108354074667045,0.000955598114344688,0.00468810531729957
"726",0.123942590975022,0.0355861568900469,0.193187026918188,0.104542842486263,0.542741382730481
"727",0.368739074992017,0.388184553856233,0.150883277009781,0.0497727387400592,0.0424203554019096
"728",0.0559215062167646,0.463161897593038,0.171060193045734,0.276593801549223,0.0332626015952398
"729",0.422738757205695,0.0483898702244099,0.0183151769691437,0.510556195600752,4.10786002998638e-18
"730",0.142806662712055,0.415139045673586,0.20585642509357,0.0463206858866328,0.189877180634155
"731",0.188299513981903,0.350966368132069,0.0594225799444666,8.18583087430918e-18,0.401311537941561
"732",4.130564092642e-17,0.796643044752276,0.0561654976368788,0.147191457610845,7.06950711669292e-19
"733",0.0644871331697305,0.422669475873264,0.000927975218519347,0.206412180374222,0.305503235364264
"734",0.289810656588514,0.43896823816713,0.0744961050179421,2.4980018054066e-18,0.196725000226414
"735",0.389944199005311,0.565442135695031,2.10451527947536e-18,3.96539275755173e-17,0.0446136652996575
"736",2.68525730546947e-17,0.880193492039388,2.55589674576072e-18,0.0363437037331473,0.0834628042274646
"737",0.664628656448949,0.0299274480075492,0.0682924767599628,0.225111351538063,0.0120400672454757
"738",0.274174489502433,0.629842507439069,0.0930938182732259,1.01141534393306e-18,0.00288918478527193
"739",0.679822660858625,2.05114907418139e-18,0.0338180190212317,0.286359320120143,1.83204948109993e-18
"740",0.129303403125043,0.298973023747889,0.163795861436712,0.0191025421745268,0.388825169515829
"741",0.392224264148893,0.464097587660948,0.0958198673297838,1.60374121431995e-18,0.0478582808603743
"742",0.203321383128267,0.294877328899294,0.0662107695119849,2.16225438038907e-05,0.435568895916651
"743",0.108350973001822,0.0420885313875185,0.196568234082439,0.108140815479512,0.544851446048708
"744",0.354547198730089,0.338292292295594,0.0651672118553143,0.241993297119003,1.49573610022945e-18
"745",0.272370044216535,0.597064778897394,0.000833454309235294,0.095092132635096,0.0346395899417397
"746",0.370764498039223,0.0817484820481704,0.178252609720028,0.369234410192578,3.49629613948304e-19
"747",3.7652338643571e-18,0.455587696231354,0.0116934295546156,0.532718874214031,5.93609558179305e-19
"748",0.185197088922504,0.169679786986611,0.223993211959735,0.0115033786400211,0.40962653349113
"749",5.93979975222151e-05,0.508785022106507,0.0320639002553896,0.453086037120697,0.00600564251988414
"750",0.319844761804633,0.524344643885719,0.000177723021836409,0.0771141991350313,0.0785186721527807
"751",0.149413138558989,0.511508100142681,0.339078761298329,7.97715695970819e-18,7.63278329429795e-19
"752",0.000748907292388918,0.298118604150007,0.303550733835104,0.396353897066998,0.00122785765550193
"753",0.00361899766964196,0.176686242015297,2.54280275770964e-18,0.819694760315061,1.0554447942628e-17
"754",0.0329635559531067,0.516895342948721,8.94291002869028e-19,0.450141101098173,3.87788199286974e-18
"755",3.72575121883923e-19,0.791763407651905,0.0527763542732967,0.054508713067823,0.100951525006975
"756",0.0663478336641136,0.211554513411828,0.43139481225892,0.126473480996724,0.164229359668415
"757",0.218821028785558,0.131382713199267,0.0684010910933919,0.341512449699407,0.239882717222376
"758",0.256080889239376,0.626300353688509,0.0811130547875588,0.0365057022845558,1.9721334512403e-18
"759",0.223604337895509,0.596784611037551,1.97373223230139e-18,0.17961105106694,4.38755233930576e-18
"760",0.148876443390071,0.426699040118429,0.0889132956822778,0.243647861259935,0.0918633595492867
"761",0.0953680030106376,0.780335408037194,2.42861286636753e-18,1.27842733599376e-16,0.124296588952168
"762",0.115682355017136,0.37838410769334,3.38747342533795e-18,0.505933537289524,4.42546918239261e-17
"763",0.122601678255657,0.521673731413961,4.16333634234434e-19,0.241260675784538,0.114463914545843
"764",0.0926333823011483,0.683755356678838,0.0734511410852105,0.0120585772342825,0.138101542700521
"765",0.441545653471925,0.539713386865958,5.91380298157233e-18,0.0105854858162926,0.00815547384582473
"766",0.581006650657297,0.20263968115581,0.216353668186894,1.8498737282318e-17,3.17361307480795e-19
"767",0.432839384805258,0.555665175368767,2.46968399151572e-19,2.07680773363142e-17,0.0114954398259752
"768",0.0933217220236551,0.144608740220259,0.162294328377617,0.152795472445652,0.446979736932818
"769",0.241673671341688,0.0560595164949729,0.125095030322116,0.160702552341855,0.416469229499368
"770",3.71414194522594e-18,0.876804099052328,1.73758785796938e-18,0.123195900947672,1.00734516574673e-17
"771",5.50421491097662e-18,0.419870792692219,0.187225694378086,0.391824450777209,0.00107906215248652
"772",0.268691178999134,0.510045798234096,0.200631108969846,0.0206319137969244,8.35326762054363e-19
"773",0.0102015824451631,0.416775946507287,0.0114561016179112,0.552809635966861,0.0087567334627777
"774",0.154305904168621,0.0104999688809392,0.163483459636489,0.152816659786451,0.518894007527499
"775",0.55734463561694,0.161785933989952,3.31462975473301e-18,0.150036918418401,0.130832511974707
"776",0.194244305977696,0.00430037789035015,0.16432388802699,0.164488880041049,0.472642548063915
"777",0.252896715312743,0.537751156321221,0.172744520876202,0.0366076074898345,3.39644073324197e-18
"778",0.337797839876076,0.520317714395288,0.141884445728636,3.21484618140776e-17,1.10726986950998e-17
"779",0.149428046770231,0.406989806820946,0.0617389823148468,1.28255620410219e-17,0.381843164093976
"780",0.105642648047352,0.607180328766722,0.273750499620109,0.013299273066441,0.000127250499376038
"781",1.75429667924737e-18,0.659099720101551,1.03164883066127e-17,0.340900279898449,1.6215660771e-17
"782",0.000142098512202785,0.518501448627761,0.186128927887313,0.0776828531661194,0.217544671806604
"783",0.105630134715648,0.59184505659123,0.0672786200051859,0.235246188687936,1.51316169122996e-18
"784",0.0461804308792872,0.197081988227237,0.202910084668021,0.0156617969688156,0.538165699256639
"785",0.0342156571818858,0.0392826230277966,0.212762120875801,0.285492204343312,0.428247394571205
"786",0.0229834973573784,0.196649668394259,0.232996060966911,0.0816713678358032,0.465699405445648
"787",0.179356187075365,0.728863235222178,0.0270403189420957,0.0647402587603605,2.08166817117217e-19
"788",0.11359256533918,0.00725152293610274,0.222890367340873,0.110175510503793,0.546090033880052
"789",0.174333656170882,0.784756297145539,0.00617944547434037,5.55335705087495e-18,0.0347306012092389
"790",0.036690422431283,0.518150560844647,0.201115929247572,0.202693197169348,0.0413498903071502
"791",0.000162575623910584,0.991401653969537,0.00468648686787153,0.00374928353868074,4.36336119981539e-18
"792",0.445322743172867,0.550271672298422,2.77278530621684e-18,0.00440558452871176,4.53810797805073e-18
"793",0.0389827899417754,0.656339876398127,0.0501089743469916,0.161333698156768,0.0932346611563381
"794",0.103510173916659,0.685100135060204,0.0221655556670444,0.189224135356093,5.77621365361596e-19
"795",0.564268501906736,0.195585333238149,1.70480307920604e-18,0.10101787698037,0.139128287874745
"796",0.127621598421331,0.0676577075860953,0.197551793776831,0.120723263805119,0.486445636410624
"797",0.337051207545317,0.528832663016228,0.10830183478568,2.70607798129372e-18,0.0258142946527753
"798",0.10703585968632,0.132847242685707,0.177029307271379,0.103274280339287,0.479813310017308
"799",0.00152640201373705,0.621127016014227,0.354286383007533,0.0230601989645034,3.74499021728234e-18
"800",0.0142751423580145,0.891306160683221,0.00188175702103159,0.00114433590284054,0.0913926040348928
"801",0.0634078077854846,0.59592306482982,3.54707381871391e-18,0.34009997734167,0.000569150043025145
"802",1.33405429624844e-17,0.577287704824755,0.218162821460167,0.0518814064757328,0.152668067239345
"803",0.226291869841751,0.497102263330966,0.00041633978538889,0.275645505912129,0.000544021129765464
"804",0.438913221478188,0.369822367815497,0.182803529684222,0.00846088102209329,1.37511270432204e-18
"805",0.227207112487202,0.275203735099539,0.00328779244916913,0.49430135996409,2.36717660053178e-18
"806",0.0192702538350588,0.667750206969855,0.311621806346723,0.00135773284836277,3.17238012189055e-18
"807",0.105233440788956,0.269389508801154,0.0338178711598948,0.581403029089267,0.0101561501607291
"808",0.41301446322254,0.224715811662809,0.114710387939994,0.247559337174656,2.77555756156289e-19
"809",0.325311007638682,0.43919146581735,0.193068572933393,4.54725837546868e-18,0.0424289536105745
"810",0.0182752345946797,0.603568798638552,0.194794895921165,0.0132712761297625,0.170089794715841
"811",0.135983653967493,0.0271780389739965,0.17007713824709,0.17776183408223,0.48899933472919
"812",0.10872329131309,0.0410030109566954,0.197555183789219,0.106511858274727,0.546206655666269
"813",0.31202011950873,0.496397070280562,0.110333659416123,0.0255401041381326,0.0557090466564526
"814",0.0238047908595711,0.598284561514927,1.8514138613036e-19,0.349551224287339,0.0283594233381632
"815",0.111824414170511,0.0507964146900291,0.189135909703796,0.102463741139459,0.545779520296204
"816",0.1253924163646,0.0697956062577733,0.205097606769479,0.0627366659122066,0.536977704695941
"817",1.39376629839743e-17,0.264692798892919,0.119061872870331,0.610645690660805,0.00559963757594582
"818",0.362340830586353,0.00665489154734698,9.57942684477841e-18,0.6310042778663,3.76381615686424e-18
"819",0.0822769750223734,0.917723024977627,6.65083346911694e-18,2.14049502221211e-17,3.82273149160335e-19
"820",0.274662509543594,0.143227658225076,0.0979770095218109,0.141473510892033,0.342659311817487
"821",0.143502552043917,0.8563805188727,0.0001169290833829,1.91674962547332e-17,1.24601869125706e-18
"822",1.64371656633467e-17,0.718595452948351,1.81272252632568e-17,0.281404547051649,1.9172648265343e-17
"823",0.0038121311633763,0.996187868836624,4.6347211965703e-17,7.86865116901086e-17,1.43128184022598e-18
"824",1.87350135405495e-18,0.875815474558037,0.0562478016493606,1.99740841483762e-17,0.0679367237926023
"825",0.000558299424392954,0.332114397550809,0.100655108195982,0.302048700567095,0.264623494261721
"826",0.000680837786666149,0.867203520813965,1.41415194819842e-17,0.132115641399369,2.21681056017642e-18
"827",0.0586057949841469,0.825966374570131,4.70789568717856e-19,0.113314885876435,0.00211294456928732
"828",0.0194465490872129,0.843836033916531,0.0962660686990136,0.0404513482972425,8.03461030265743e-19
"829",0.258787856680324,0.33943385771066,0.234827056810034,0.0129256403352196,0.154025588463762
"830",0.0566662531800008,0.502845287419358,0.103739612311295,0.325864521107908,0.0108843259814385
"831",0.181021524339336,0.195582874714489,0.174826407442694,0.0719117413317546,0.376657452171726
"832",0.601886498524786,0.364084621733474,0.0236662042425567,0.0103626754991833,1.26240111478095e-18
"833",0.181840580846556,0.440730475465287,0.193301541555528,0.0220288678232568,0.162098534309372
"834",2.11708685763341e-18,0.838893799640282,0.0756963874128107,5.76069136810373e-17,0.0854098129469074
"835",0.0825259065310588,0.540322883903261,0.0442493908414363,0.0306525465804188,0.302249272143825
"836",0.0353301148834491,0.701738357731514,0.181049298645161,0.0818822287398761,1.38803236781766e-18
"837",0.176156777916068,0.00532349760363357,0.206861263262607,0.121314530206783,0.490343931010909
"838",0.220058986054536,0.739297040265237,0.0178800629790511,0.0227565763400847,7.33436109145067e-06
"839",1.16003366474568e-16,0.996940868996573,0.00264830186391665,0.000410829139509856,1.57307802966974e-18
"840",0.0493310724914511,0.366859477260868,0.00317331396436712,0.208196820723375,0.372439315559938
"841",0.173109865159369,0.0464777766225778,2.01765925782324e-18,0.780412358218053,6.5276072440249e-18
"842",0.0244501954724987,0.718105669939433,0.0018101915419862,0.0878110720224742,0.167822871023607
"843",0.106595015141675,0.678716166550656,0.00884455058702827,0.20584426772064,2.01972492345174e-18
"844",0.122486253195273,0.0116072976179585,0.146474101591843,0.61848695003123,0.100945397563695
"845",0.281267516945349,0.370376076174274,7.887215208776e-05,0.330213984591199,0.0180635501370904
"846",1.56593379244599e-18,0.96963971303511,1.10402624010806e-17,0.0303602869648903,1.07912563654693e-17
"847",0.092454383892768,0.848316832010828,0.0185776872823512,2.59162635553368e-18,0.0406510968140528
"848",0.293871185078736,0.68328403340762,5.23822870953796e-18,0.0228447815136446,5.41824210726806e-19
"849",0.276638028527333,0.475366251799127,7.13905097348697e-18,0.24799571967354,1.04083408558608e-18
"850",0.268417066124199,0.555360457927981,0.0022323114747578,0.173990164473061,6.88048977300638e-18
"851",0.0553241028717799,0.454925396879535,0.00389990444965615,0.231451405213923,0.254399190585106
"852",0.000540761778288451,0.670252520240662,0.00964304978666926,0.114223636605724,0.205340031588656
"853",0.145358062823822,0.852320366573526,0.00232157060265183,1.52971657323983e-18,3.78075053722088e-18
"854",0.0422737151833798,0.516987086627176,0.109561227448083,2.22671525740569e-18,0.331177970741361
"855",0.104394200186822,0.000335731836023769,0.0359236135401485,0.646309768481292,0.213036685955714
"856",0.267371321348226,0.0253727686413368,2.52880821770387e-18,0.539743294957229,0.167512615053209
"857",0.163987762704788,0.504128993475073,0.122927157026488,0.20895608679365,5.55223237164019e-19
"858",0.380060162659163,0.565086392990269,0.0164613546489384,0.03838216222304,9.92747858953782e-06
"859",0.54607370852766,0.304887881653373,0.0220261145745005,0.12685872502389,0.000153570220576776
"860",0.402599776040865,0.311972068215805,7.31362649272262e-05,1.86320231740473e-17,0.285355019478403
"861",0.182460466512382,0.774767856008942,4.85722573273506e-19,2.01491015025282e-17,0.0427716774786756
"862",8.56842041081009e-18,0.00298418095042157,0.0828048550331964,0.914210964016382,7.8769363992894e-18
"863",0.510833905284539,0.409295815679689,4.38243852641208e-18,0.0797054426635092,0.000164836372262397
"864",0.331038171270373,0.451118663074546,0.200692037355824,2.30417287991985e-18,0.0171511282992568
"865",3.95995694945148e-18,0.671395451492295,0.00734407166331508,0.24652481964718,0.0747356571972102
"866",0.0593902524515389,0.0193214073795592,0.160141033227834,0.312548606109982,0.448598700831086
"867",0.467987317949002,0.273239528012674,6.93889390390723e-19,0.140766470970372,0.118006683067953
"868",0.0598425950020885,0.533169552578798,0.0209199344559475,0.144821730364008,0.241246187599158
"869",0.0566158487703627,0.489846744697491,0.0677021779080551,0.00285062999397695,0.382984598630114
"870",0.0667516049700181,0.0145176507785897,0.124974450149923,0.49810812283845,0.29564817126302
"871",0.417037798019694,0.00630406682662384,0.387431596065311,0.189226539088371,2.46817442951954e-18
"872",0.0562274847644285,0.415096313324917,0.0891887274166226,0.00636679823634771,0.433120676257684
"873",0.252148934671814,0.00224213245661507,0.161107370931309,0.154213016319767,0.430288545620494
"874",0.127410021176006,0.872589978823994,4.85722573273506e-19,3.98724254357872e-17,2.75174639963807e-18
"875",0.0020704089433938,0.843950157272932,0.00421606270408069,0.116282961242953,0.0334804098366405
"876",0.26361594977169,0.517088342774569,0.219295707453741,1.66533453693774e-18,6.78339357858962e-18
"877",0.539676194117779,0.453061998193221,0.000984297815850789,0.0055369480553504,0.000740561817799636
"878",4.30206955169236e-19,0.563979884360307,0.183318463454041,0.00104521847006149,0.251656433715591
"879",1.62949931747767e-16,0.9987823422117,0.00121765778829986,6.40314500126379e-17,2.59783338925431e-18
"880",0.0846282102029806,0.0343351714035927,0.193969963194772,0.141074593890529,0.545992061308126
"881",0.399958409898224,0.0236038008569979,0.279675419747053,0.296762369497726,2.7267973772996e-18
"882",0.0435928746738949,0.416915884543353,0.270057444802629,0.00156072439490859,0.267873071585215
"883",6.11019617286994e-18,0.550986911571933,0.100694828341973,0.225368818449238,0.122949441636856
"884",0.0888521953463791,0.105308948717674,0.196479743265688,0.0930382876973209,0.516320824972938
"885",0.456479718750291,0.137719231361975,3.5595798321338e-18,0.403244722946495,0.00255632694123952
"886",0.060699169134366,0.490025140388018,0.142959407805121,0.083410403518354,0.222905879154141
"887",5.12588103963093e-18,0.959467999447566,0.00146466993973776,0.00352172775702803,0.0355456028556678
"888",2.85149268642054e-18,0.146773515133731,0.179005977770318,0.39865051634066,0.275569990755291
"889",0.089934473791207,0.454837944627246,0.0414072513181698,0.00218769747189274,0.411632632791484
"890",0.0321687688715217,0.400590781994253,0.439544631271571,0.0857767445385624,0.0419190733240917
"891",0.103263060209346,0.0480808363255049,0.196846067073522,0.106197462052096,0.545612574339531
"892",0.137033513626291,0.108037910158236,0.165278292200536,0.114560089857386,0.47509019415755
"893",0.0935796790121565,0.0259015561454484,0.0998313569049944,0.576196062280832,0.204491345656568
"894",0.00426409145626291,0.226784994749256,1.2693992099576e-18,0.660167683587802,0.108783230206678
"895",4.56254219612322e-18,0.658908282263767,0.329159380964589,0.0119323367716439,1.90595722434911e-18
"896",1.41820392791938e-18,0.4432466988088,0.195529417771945,0.332939067673957,0.0282848157452986
"897",0.0939977445453727,0.752355957446477,0.0577980585879641,0.0958482394201863,4.16333634234434e-19
"898",0.135117378133642,0.18623129464408,0.105633463534067,0.191682909869364,0.381334953818847
"899",0.228657295750721,0.767727545478748,0.000117848453339183,7.25465144590011e-18,0.00349731031719222
"900",0.00206101552382503,0.910696465626429,1.47157994717099e-17,0.0831834393059782,0.0040590795437682
"901",0.488409592001496,0.360456254619265,0.117528552966645,0.0325455648471055,0.00106003556548846
"902",0.026462666929928,0.893026386216701,0.0559730454654249,0.00286486355278893,0.0216730378351576
"903",0.466111678611244,0.500023267566333,0.0330441326789378,0.000820921143485445,8.60175243662537e-19
"904",8.7401954118497e-18,0.744294148312778,0.026506764744911,0.228445457366039,0.000753629576272904
"905",0.0926339950280544,0.0641239845039739,0.182854222492104,0.142005468215936,0.518382329759931
"906",0.421695896932274,0.477302238828326,0.0834742890400213,2.72827716227842e-18,0.0175275751993787
"907",2.46050470197357e-20,0.539203090542936,0.0763779228923992,0.36212110729382,0.0222978792708449
"908",0.247722411632388,0.316048451215726,1.70582557576074e-18,0.417981282121327,0.0182478550305598
"909",0.160513383604516,0.381060899236302,0.212388231492365,0.000575408570174605,0.245462077096642
"910",0.277743998201351,0.716631136852443,0.00562486494620559,1.16619090749549e-17,2.43097160525356e-18
"911",0.118373883101123,0.439310218053873,0.0446184932409779,0.397697405604027,2.87003439899464e-19
"912",0.00920955423627096,0.928041882583198,0.0627485631805305,3.33629812245797e-17,1.21407847780037e-18
"913",0.621979692378983,0.0444290078184052,0.152906461424389,0.180684838378222,7.21299469998383e-19
"914",1.61540034922462e-17,0.601501140217291,5.73975871306731e-18,0.398498859782709,2.92445581463833e-18
"915",0.382136643481615,0.28833360159881,2.49838813355752e-18,0.276106780404286,0.0534229745152891
"916",0.00825450453204583,0.359253442997525,0.135896027483604,0.00687580133358548,0.48972022365324
"917",0.364017161464906,0.560177825348948,0.0758050131861463,1.41709221467097e-17,6.24500451351651e-19
"918",0.60817650538125,7.28940619285597e-18,0.0640348967590622,0.311263194969735,0.0165254028899526
"919",0.191557738037774,0.616168066325289,0.168258163487436,5.57301605900301e-18,0.0240160321495016
"920",0.017408394836828,0.682505285977197,0.141426012572393,0.157147641153318,0.00151266546026505
"921",1.31576326179946e-17,0.178016175847748,1.86059956054511e-18,0.821983824152252,4.79412585986264e-18
"922",0.105747663530218,0.24317612452031,0.15108905215079,0.0019242857897341,0.498062874008948
"923",0.0178538245363945,0.667392265248741,0.105124855075387,0.195666006032317,0.0139630491071603
"924",0.281663910697571,0.469478712593718,0.145541450851964,0.103315925856747,1.1185312045181e-18
"925",0.0729040360648261,0.903924679418168,1.98180871517469e-18,0.0074261516184699,0.0157451328985362
"926",0.235517611842308,0.757324245729498,0.00708155551254889,7.65869156453126e-05,2.1232802608835e-18
"927",0.124415386115963,0.568364145793872,2.2656043160001e-19,0.173689455116391,0.133531012973774
"928",2.98943038052786e-18,0.416012154355217,0.033448483950238,0.487523006120826,0.0630163555737182
"929",0.178840104371938,0.663298975173446,0.0354604970574058,0.0347533614723234,0.0876470619248866
"930",0.144896199315732,0.0736970020930473,0.169755829565953,0.0898879855493198,0.521762983475949
"931",0.128079547185285,0.187612573557874,0.216761778962529,0.0671386874797671,0.400407412814545
"932",0.050792039260972,0.160468081011053,0.229468844985245,0.0978002632399063,0.461470771502823
"933",0.0278542295004567,0.942385294359906,0.000117329382680743,2.83433647959689e-17,0.0296431467569562
"934",0.287032541440323,0.712762913474547,0.000199952058917827,9.89213428633407e-18,4.59302621208874e-06
"935",0.209674966690182,0.479654665303902,0.00108331643679367,0.309587051569122,4.87955687840201e-18
"936",0.501096277346903,0.445801742412454,0.00260984763430041,0.0504921326063427,1.13950046333033e-18
"937",0.093493137573788,0.668586079315299,0.0475769889095922,0.190343794201321,2.77555756156289e-18
"938",0.176793650015104,0.633512927905069,0.00566968088623509,0.0883139746735773,0.0957097665200149
"939",0.291023452291874,0.708976547708126,1.47158401525574e-18,1.04556620361884e-17,6.97199720482216e-18
"940",0.0964137728087741,0.115468023978578,0.21472032997446,0.0591990155564519,0.514198857681736
"941",0.0308856317524474,0.00442098309671846,0.274301035825051,0.360802917409829,0.329589431915954
"942",0.166800102282953,0.231126573560411,0.197868529086563,0.346717414964719,0.0574873801053548
"943",0.190328925640874,0.0121019812780886,0.208750738222693,0.0527366773983466,0.536081677459998
"944",6.17273455980519e-18,0.0622397693347445,0.0848313845647872,0.77292280451534,0.0800060415851282
"945",0.359907397077126,0.0561102512772133,0.037318801465411,0.540855194672916,0.00580835550733388
"946",0.311214310086433,0.671455902459935,5.03878528221851e-18,0.0173244030457261,5.38440790653802e-06
"947",0.150067172874312,0.212242009132085,0.148164860275016,0.000420948159323047,0.489105009559264
"948",0.0139237583836937,0.901037034284573,0.0850392073317331,7.5594385399685e-18,9.49680351534032e-19
"949",1.38777878078145e-18,0.196971493088422,0.210950148262626,0.346150035595091,0.245928323053861
"950",0.0646082336015913,0.437119765129546,1.07690390535262e-18,0.314426932278426,0.183845068990437
"951",0.381578249760711,0.295566233413963,0.0516055561841241,0.271249960641203,1.48803020450462e-19
"952",0.106484769384641,0.0248650968190267,0.200762181229972,0.118100004981678,0.549787947584682
"953",0.167703399534744,0.0675895543442486,0.234610888395164,0.348542244470402,0.181553913255441
"954",0.224257052876864,0.148768344681743,0.116822583100352,0.13255802256523,0.377593996775811
"955",0.106065587855381,0.0898942192947276,0.198892577403779,0.091679187534027,0.513468427912085
"956",0.157876206530663,0.34226635788675,0.123487427324062,0.0382393407090335,0.338130667549492
"957",0.519126632868582,0.321699081365563,1.58714136510232e-18,0.159174285765855,4.10688000698413e-18
"958",3.3007653889733e-19,0.558025737602535,0.198157674469778,0.010950667291906,0.232865920635781
"959",0.133924377601433,0.0693197386147526,0.179170052127894,0.100904838344753,0.516680993311167
"960",0.107812050078063,0.053908503667957,0.188150440669898,0.108087653201464,0.542041352382618
"961",0.0811364758616399,0.335367120632915,0.0302127562900899,0.550902511566447,0.00238113564890798
"962",0.202529127443924,0.759835225777011,2.43786205596384e-19,3.07004333248615e-17,0.0376356467790653
"963",3.87637263899549e-18,0.761691566917824,0.0025892401701759,0.173407362365202,0.0623118305467984
"964",0.373325726266508,0.213702375810323,0.000198197804923262,0.336864001748049,0.0759096983701967
"965",0.142977405381392,0.206069430388878,0.217221812407375,0.0384961784540057,0.395235173368349
"966",0.201501610881842,0.466789917380055,0.00644729428384064,0.324611033251302,0.000650144202959753
"967",0.0806553690287174,0.675795303655005,0.243262989365815,1.70781488866166e-18,0.000286337950463393
"968",0.00247310008932165,0.737867131650351,3.46944695195362e-19,0.0862778697855275,0.1733818984748
"969",0.316030827467137,1.09039445267409e-17,1.45105604059073e-17,0.683969172532863,1.2233711689158e-18
"970",0.41862566549943,7.80412565193103e-18,0.144103869766391,0.087951262964224,0.349319201769954
"971",0.0388472274789028,0.889721490009335,0.000857393975619101,0.0705738885361427,1.51155656670174e-18
"972",0.393008629454661,0.3393224360988,0.0942192308162811,0.173449703630258,1.38777878078145e-18
"973",0.0741397921433858,0.512608384975323,1.75036281040738e-18,0.292956100008928,0.120295722872363
"974",0.110605630552762,0.0514382728796829,0.186999740506952,0.116523420042697,0.534432936017906
"975",0.118478301950199,0.679374682974154,1.16174027007028e-17,0.0318005448470428,0.170346470228604
"976",0.50948433522561,0.0159711927031794,2.86312042027372e-18,0.46494644788024,0.00959802419097044
"977",0.318888922471925,0.527296540434814,0.00877911029173909,0.145035426801522,1.15044443223469e-18
"978",0.472749550725885,0.38655514079738,9.16253119428416e-19,0.0262882149813034,0.114407093495431
"979",0.0631102540856609,0.779702516997232,0.0100067219044474,0.0197985210242048,0.127381985988455
"980",0.207776402610283,0.589821034857304,0.188736112327584,1.926635018493e-18,0.013666450204829
"981",0.237813450443081,0.238741832685943,0.17360967029381,0.000250636961057544,0.349584409616108
"982",0.148957887442731,0.326215385189161,0.131460074962796,7.49400541621981e-18,0.393366652405313
"983",0.182126895140546,0.674939576276318,0.0103114887422268,5.16171129077127e-18,0.132622039840909
"984",0.180660282016322,0.271018828384612,0.19775308898684,0.115640192041722,0.234927608570504
"985",0.251629050651494,0.106619732895305,0.155323176645648,0.00035201292279156,0.48607602688476
"986",0.021090287902323,0.264130973190247,3.26351803933579e-18,0.714730074165696,4.86647417348682e-05
"987",0.185512937017608,0.648649859982306,0.0185127845039395,3.90608763816386e-18,0.147324418496146
"988",0.143725935569613,0.705248121687514,0.151025942742873,1.7776961328577e-17,6.30968596807133e-19
"989",0.0036328905863067,0.67350204295378,0.0105021816783545,0.303643164663038,0.00871972011852127
"990",0.49996014677129,0.457216896894018,0.0428229563346918,1.29152630862078e-17,1.38974599688486e-18
"991",0.363068715914759,0.00135387963508442,3.02631468523288e-17,0.635577404450157,6.44323475818162e-18
"992",0.394037844759598,0.565252627463822,1.42726867262892e-18,0.0407095277765804,5.63283056214337e-18
"993",0.0383857707983647,0.430327126999954,0.16493005214359,1.39101037460306e-18,0.366357050058092
"994",0.0550021557200468,0.846060963478432,0.0263237407262055,0.0683400014401104,0.00427313863520526
"995",0.130309569377134,0.275897792648747,1.66533453693774e-18,0.342968845981536,0.250823791992583
"996",0.0172241570373963,0.96171119796793,3.20256327520099e-18,4.1922498172347e-05,0.0210227224965011
"997",0.0633327701876571,0.497984451923196,0.00353251931862102,0.0102518167261937,0.424898441844333
"998",0.0489796572314755,0.81236086550491,0.0647076529513389,0.0501622491481752,0.0237895751641003
"999",0.627512028350647,0.0026280216143489,0.0886965070433114,0.276993356254673,0.00417008673702014
"1000",0.000770741919707042,0.0647116245760726,0.206781232695098,0.557654728351279,0.170081672457843
