"ew","mv_Markowitz","mv_MichaudParam","mv_MichaudNonP","mv_MarkowitzPCA","mv_FactorParamPCA","mv_FactorNonPPCA","mv_MarkowitzObs","mv_FactorParamObs","mv_FactorNonPObs","ew","ef_Markowitz","ef_MichaudParam","ef_MichaudNonP","ef_MarkowitzPCA","ef_FactorParamPCA","ef_FactorNonPPCA","ef_MarkowitzObs","ef_FactorParamObs","ef_FactorNonPObc"
"1",-1.55081597163273,-2.00707138828317,-1.52811081439158,-1.81967552472804,-2.1213870421359,-1.80511415200434,-1.85463795738319,-2.0412032073589,-1.50184681871274,-1.63042818801458,-1.55081597163273,-1.93987398207533,-1.54488391788916,-1.97333375840083,-2.02300604978719,-1.72961956668688,-1.88748581448917,-1.94830208413508,-1.6437364451718,-1.77375029529001
"2",-8.14078272477643,-7.18788827109709,-8.1032133575303,-6.9135324459742,-7.18595783526911,-8.08400997250569,-6.97876274174724,-7.18433791576339,-8.13578450477432,-7.06717592122523,-8.14078272477643,-6.73237497296719,-7.74380392518208,-6.49147004110842,-6.73926299938706,-7.70921924144568,-6.65257741316741,-6.73305241372198,-7.73330364017747,-6.60387954992448
"3",8.14254458870293,8.22259393029153,8.40992640124639,8.06223788316556,8.28092750247171,8.42531180015391,8.13884629207735,8.23106817544073,8.42499341094478,8.15002574955956,8.14254458870293,7.98513121903908,8.06999969910586,7.79931030320532,8.12934994499494,8.15161421654698,7.92813935205203,8.08077966277887,8.07456766624898,7.97898301206808
"4",-2.96736852748049,-5.90674889237802,-4.52170269411787,-6.12581093459812,-6.0928820130418,-4.64613752858794,-6.13057354767988,-6.14767059943251,-4.67785917383032,-6.12859901925322,-2.96736852748049,-5.92269296594584,-4.38653712964699,-6.03985060063428,-6.05955608245133,-4.44744316815643,-6.14526593971736,-6.15644238925018,-4.5220918076182,-6.09420057245211
"5",10.0264324547485,9.82436547408517,10.2559891222886,8.96242511266164,9.36888735278378,9.89149881201674,8.69589124329842,9.37921980964676,9.84641187094194,8.7712138874199,10.0264324547485,9.12989177385919,9.73407836841407,8.45239816609282,8.8261656840521,9.59281595533046,8.32827557362658,8.85338600671525,9.48543073342505,8.25514641629336
"6",8.27889607773025,8.57671877218678,8.74992466060149,8.31897100928908,8.34697384633985,8.5429363930392,8.28470039121519,8.50591580683221,8.7583907414827,8.4500093441147,8.27889607773025,7.92408889266151,8.08600653366151,7.80918771861444,7.82218520886586,8.12797471672092,7.82924469221066,7.94355594794577,8.05658912223244,7.84753541045862
"7",-10.0320213233428,-13.1489994678392,-11.9851587002269,-13.0028190101822,-13.2220419856849,-12.0041253841007,-13.1368837740461,-13.2718844204916,-12.1274052293048,-13.0484009280099,-10.0320213233428,-12.6195957741808,-11.5086075632611,-12.7806880476502,-12.7044987921066,-11.7004230079093,-12.6535365517997,-12.7396113501059,-11.7673402696294,-12.7243452286618
"8",-4.00640296222476,-4.25329421893271,-5.22360338929067,-4.09395907887035,-3.90411548011132,-4.79164675906509,-4.00822001648593,-3.890187004947,-4.80675160289754,-3.87374850859578,-4.00640296222476,-3.64261085171144,-4.46595434102193,-3.83742001070765,-3.39656498235376,-4.23564002169322,-3.64467670571468,-3.41605651355013,-4.410639016339,-3.68754433150329
"9",-5.51334612295857,-3.00760524799087,-4.59764109832345,-3.18155864651067,-3.64599542801544,-4.89477606667435,-3.67992833616902,-3.632835208733,-4.76736918843454,-3.54392457914778,-5.51334612295857,-2.76662722252515,-4.25500581195364,-2.71809476817704,-3.34896345582192,-4.39974969005317,-3.25750723308535,-3.33600965732698,-4.35386114512825,-3.25142527638283
"10",-11.4936969441298,-9.65564828408164,-12.5139937489756,-8.88508366085104,-9.27506814402511,-11.8154702987908,-8.90136357821389,-9.33143808678553,-11.8505191158189,-8.76441051869628,-11.4936969441298,-8.70574679045144,-11.1568733110267,-8.0195365082096,-8.29073774262461,-10.3653883914985,-8.0315425267498,-8.34885944874371,-10.451614579747,-7.95081239376992
"11",-20.5174405608522,-18.8444326412654,-21.3623954301637,-18.3267120094374,-18.6116952436442,-21.0777574310264,-18.1907516688112,-18.4640335368672,-20.7516342280855,-18.1733180410334,-20.5174405608522,-17.7126610989318,-19.946206730942,-17.5222627428437,-17.4013328154313,-19.5776160595666,-17.3998630995905,-17.270443108415,-19.4176005428322,-17.1716414322007
"12",0.72083874979375,2.41320214249857,-0.154393692308583,3.01990452314351,3.26681753827338,0.777629150950839,3.18115821085568,3.23541534042824,0.59596686897705,3.37623704190488,0.72083874979375,3.04151352869803,0.552875501972311,3.56285671819226,3.69080142317306,1.56346175880224,3.62233211486757,3.6194047816134,1.30198277097878,3.55312583279545
"13",0.966387085529167,0.501366901707902,1.28106205376601,0.58705376602925,-0.0506596652273823,0.537978521095493,0.404758666450512,-0.0259433145048119,0.527161535226773,0.433348472991129,0.966387085529167,0.324060857576533,1.02622346954542,0.600074574524727,-0.180386162909306,0.00301784923271238,0.308309433474684,-0.0984763175433923,0.223447047926117,0.491011167848737
"14",0.3093437507072,0.0902324663620037,0.662080293271528,0.0098789392624884,0.750401486551859,0.692103922107653,0.375974094750316,0.755853214876972,0.444436580298878,0.262445185557902,0.3093437507072,-0.650765808876989,0.0253335356636874,-0.541486203841662,0.118044793552729,-0.13585226040956,-0.122272656939028,0.142898796906227,-0.0178863022486346,-0.197829394365827
"15",-2.6638961841656,-0.593636519451965,-1.79789664873413,-0.65711086575213,-0.489833231920351,-1.51888072964691,-0.68685013606074,-0.562400473801449,-1.55557119527929,-0.700777400319317,-2.6638961841656,-0.74523193068012,-1.58294657432705,-0.690263714315359,-0.622183238334664,-1.28872040720464,-0.581096601233616,-0.662778828194457,-1.45458573389494,-0.668749311486367
"16",4.1777064579972,3.75390314419888,3.87589702177601,4.05535524261911,4.31664942006577,4.24155672048461,4.27298213165869,4.28665333075448,4.39178162072408,4.47850715673907,4.1777064579972,3.92956789144687,3.65181060916749,4.19796183259528,4.50385428457289,4.12535535152584,4.33008347449585,4.48307847534351,4.33346845413326,4.41990910629993
"17",17.2149380159946,12.6101431425972,14.6390937869917,12.860793925303,12.5952928634541,14.1159544713544,13.0281633423711,12.633812926377,14.6000949895845,13.1017598086487,17.2149380159946,12.8600915049018,14.7435229287908,13.34548409474,13.1262769756875,14.6940378450367,13.666302420825,13.1786183464144,14.5784622772971,13.5123137428144
"18",9.9945914609878,6.07310142244538,7.5650081940053,6.21990191786651,5.84251767171443,7.29390749319774,6.11404998805657,5.86247415390703,7.33463636974656,5.97429628623968,9.9945914609878,5.94065377987711,7.21146600360259,6.13773046108169,5.78633733715115,7.1068201880091,5.98832523241288,5.80457291260892,7.01275414573228,6.06098364666987
"19",-4.3062117351962,-2.57361791925753,-3.61499899369818,-2.82335249067414,-2.53132865369997,-3.82314486164376,-2.75901394744439,-2.53048376223417,-3.72000457636381,-2.76426278212418,-4.3062117351962,-2.56975251869578,-3.59821800650125,-2.62332873728538,-2.59237604292626,-3.74220744343613,-2.85734094024363,-2.62062522911109,-3.73674960501247,-2.79835635653571
"20",8.09688871030388,6.63821167452362,7.68756430695269,6.8316201067,6.38269171829787,7.08004923570482,6.714951873456,6.37093997770647,7.02571004889124,6.54425987621796,8.09688871030388,6.61048130825568,7.47463171424909,6.76117431706814,6.46012577238176,6.95296474398255,6.6808050027866,6.44097082463584,6.97432082637241,6.72820793653997
"21",2.91726320966237,3.129462075904,2.50870773411513,3.19995910526043,3.18209259525236,2.56426375082852,3.26260849479406,3.18037957915986,2.49170644231131,3.15229299257132,2.91726320966237,3.48061716276767,2.74018575635446,3.51525965482706,3.5776314071545,2.77425402656304,3.50904187185976,3.58238379378058,2.84736854143805,3.54905108443948
"22",7.10357149959562,5.90131016837502,6.33053594081667,5.72774001053529,5.83983973619302,6.36306868721561,5.72093613933035,5.84675209022302,6.30359874647482,5.625077183398,7.10357149959562,5.86183189860082,6.25327443534893,5.66328249362785,5.80736219282166,6.16209587811397,5.56089846255019,5.81518992899407,6.17136949563038,5.64662107376124
"23",-1.07533265694223,1.57203117364189,0.424587067268352,1.40290982791653,1.80009381115776,0.712921162251363,1.60875585784153,1.79414774877095,0.578652750202641,1.49333039312995,-1.07533265694223,1.84874792802015,0.505743801555608,1.44402007111224,1.92918576003199,0.517172201329733,1.55725804434127,1.92438180087739,0.6443647366533,1.59803863970111
"24",7.53958719208502,3.91252692204112,4.80073929625868,3.92105053120871,3.51591675515164,4.59501841107298,3.74867978075258,3.55640281093772,4.67580421373593,3.75713703607489,7.53958719208502,4.12050361116006,5.00006575414345,4.10304415289853,3.77367789974322,4.895121076546,3.86094586131204,3.81461016827315,4.87700265637258,3.96057901919989
"25",4.99506007175848,2.26486559809382,3.0035129715925,2.56779183376543,2.23966222429735,2.95022973847156,2.53762917861767,2.26182219100553,2.99467428141391,2.68501453005455,4.99506007175848,2.58124290626691,3.29082713840212,2.7886500380388,2.5744040497441,3.24714235782206,2.72288041044688,2.59463912029292,3.16905668352342,2.77925523577159
"26",-3.5649536252119,-1.69469153403369,-2.10610544086641,-1.71691440142283,-1.53154414001405,-1.87451809307513,-1.54666614846337,-1.54968131775252,-1.97609171621292,-1.53126305745435,-3.5649536252119,-1.63051342744786,-2.1013700520559,-1.71383553226987,-1.53223389415874,-2.02341359866018,-1.60950286077973,-1.54948657322582,-1.97363978301977,-1.68010513471401
"27",-1.05570207103786,-0.248865352151639,-0.574113607879282,-0.449123235512045,-0.285053733292186,-0.576360060071981,-0.465673011714071,-0.304486016000947,-0.544673244262661,-0.439990010836394,-1.05570207103786,-0.534987944395435,-0.901715719233287,-0.754905979031712,-0.543876025140912,-0.891118071373118,-0.755420356276749,-0.562775932148704,-0.869918710180235,-0.738189372480152
"28",4.00327226149952,2.2716107148613,2.74044170578466,1.97888262099155,2.35136826241018,2.65469645553807,2.1522036587028,2.36058832912356,2.73238409925021,2.09398301631495,4.00327226149952,2.37601688174701,2.82059740974574,2.22379126151981,2.38964557006926,2.64473832855848,2.28501232355844,2.39881822491672,2.66387691093586,2.20850318264281
"29",-2.83961703745048,0.301994826652671,-0.433617912009461,0.331243629444262,0.241069413257275,-0.640130651133305,0.0235740967120761,0.232534951760488,-0.698829031220393,0.0849230574913528,-2.83961703745048,0.139231926725733,-0.727364775905831,0.15697671709793,0.0773577365969326,-0.762254003172989,-0.0808106830153274,0.0614861976072198,-0.823822665098135,-0.118632682583019
"30",-3.36164475886714,-2.45334426076152,-2.66898364732912,-2.27648031367739,-2.28864784364418,-2.51382882673462,-2.09871409665732,-2.2767688068554,-2.55170951803579,-2.11028546845515,-3.36164475886714,-2.29939166444347,-2.35254133356057,-1.95975767351626,-2.20905251994449,-2.11009575200033,-1.94878943742754,-2.18735254438743,-2.10993820108421,-1.88403246983751
"31",-0.118230756461905,0.903367859420758,0.473390773557852,1.01443880996306,0.801240809261998,0.469989350834864,0.990825655345614,0.824062522127028,0.48349280614056,0.836728335908227,-0.118230756461905,0.991635374414344,0.570433445276035,1.08687323496426,0.799021003594966,0.539827571339917,1.05397988431807,0.809870710571283,0.435689318267119,0.926436425742143
"32",7.07200836339786,8.44067247381354,7.97237626587266,7.9801514486712,8.47957210108077,8.10873867434369,8.01930371377535,8.46080368604426,8.09142601354175,7.9968579082959,7.07200836339786,7.79823265835838,7.42196361701466,7.61763461152318,7.83435021128898,7.464508617795,7.55390658210087,7.80886875560218,7.32413853855071,7.56964511509486
"33",-1.20425785942548,2.56392209177789,1.45884432612974,2.20781579901555,2.56887249851658,1.56730442722432,2.27691670453406,2.56978692575159,1.46574070222754,2.26119203564577,-1.20425785942548,2.35439363395305,1.46303925846296,2.18711676519819,2.36503623833889,1.48540675574768,2.15702667146626,2.35900974399939,1.51358046186268,2.1358548475664
"34",4.88286017495256,5.4118361853013,5.36574137781925,5.38538958996853,5.48359045497743,5.451630399823,5.358926426279,5.48251883533341,5.34255040802507,5.3666831912736,4.88286017495256,4.97548546983173,5.01741463207493,5.06955216711284,5.04090975269143,5.00630519403125,5.08455362320586,5.03947023381528,5.03834455999895,5.11250767146471
"35",4.03592203770512,4.28886646207922,4.50394264366044,4.60046846327381,4.21204498398047,4.4277570824971,4.4948581090689,4.20072231589483,4.29555002614352,4.57751921511589,4.03592203770512,4.42823593816379,4.49514690407638,4.60391393101712,4.38514202012606,4.49877871176013,4.54459783264514,4.3767919285377,4.5236328464908,4.50136182559654
"36",-2.45735865964229,-0.302680773542166,-0.826774922473026,-0.448621747485185,-0.245753817867956,-0.899626646515461,-0.45096810596444,-0.242598812779201,-0.984179553793652,-0.423925764600149,-2.45735865964229,-0.274252654301895,-0.848255946086417,-0.388754661241341,-0.230543454311506,-0.837564365646107,-0.403071152544626,-0.23098906266684,-0.873740065176283,-0.426523840634468
"37",3.81064981375405,4.58661819421786,3.44847753142043,4.24485915460743,4.68855372405857,3.61608508766912,4.25306597428387,4.6928231382761,3.58994590943957,4.29239363334836,3.81064981375405,4.87557411743002,3.89277959324583,4.57093133073549,4.8600219176049,3.90023947355568,4.56934051878362,4.86131527435701,3.91479788652368,4.54534357614697
"38",-0.916297796525302,-4.42773960734114,-3.41969190686132,-4.12760162265768,-4.54997395808281,-3.314577724124,-4.36722231046093,-4.54107359715564,-3.39193924426385,-4.34606872883935,-0.916297796525302,-3.95585796822468,-2.94755892271252,-3.88195295884863,-4.08218853468042,-2.97789106959731,-4.04611152471194,-4.06758482920256,-2.95233210632103,-4.07632283517489
"39",0.477547723504581,-0.817315458475096,-0.920344116765581,-0.748241722070464,-0.845029992687944,-0.733941596979011,-0.785412898852887,-0.847170849063894,-0.769152630249988,-0.741682002672391,0.477547723504581,-0.536947219282994,-0.683760886453741,-0.493561362923778,-0.539822694883085,-0.491983333265566,-0.555664757668512,-0.54217943729361,-0.59207331358232,-0.538262995789777
"40",4.04827457062186,3.94923311722941,3.68291117672877,4.21245286800073,4.14437134025546,4.03986271656494,4.45590453380693,4.16089566113416,3.96150175168732,4.43148521227487,4.04827457062186,4.23949920149303,4.10440790304231,4.55186042833602,4.41261779282235,4.4119408806142,4.69762791217654,4.4257264504078,4.3910885593539,4.70904151536521
"41",-1.19092019185933,2.05543324669236,1.1497285918459,1.97443802554768,2.18556281191777,1.29354350091329,2.09072168679679,2.18136428478595,1.27558552231855,2.12226146252068,-1.19092019185933,1.96027440339674,1.14142860816648,2.00910193389016,2.07776115688575,1.28097152804115,2.04414537159258,2.07115344498866,1.26033345534865,2.10846665019305
"42",0.542350131571861,2.03335498161989,1.51990177668829,2.04068770723863,2.02685924515982,1.52164944419726,2.08214434462125,2.02745489551193,1.62886359413376,2.08578022970174,0.542350131571861,1.94641976476585,1.44762254916669,2.00369260289412,1.99358688502028,1.54745403775026,2.00630850725293,1.9948531476292,1.55162534193779,2.07437610971116
"43",-1.23795517728567,1.80943365135449,0.860117800099151,1.41842233454143,1.77348755689696,1.01785227658518,1.44142753994668,1.75063898430183,0.906980314641489,1.21233650465556,-1.23795517728567,1.43192450399402,0.790675497015603,1.32972686540195,1.45402425946081,0.905460149414381,1.12284131896342,1.43562291803594,0.823473578256542,1.1390525663932
"44",-6.79968116980372,-2.4916091360242,-3.67807932072076,-2.82066443666356,-2.43696328406954,-3.57226469160822,-2.77420919705701,-2.44123971456747,-3.5907724259164,-2.78584358705499,-6.79968116980372,-2.54486853594045,-3.61142587284806,-2.70546651274216,-2.50036533646784,-3.5144011595538,-2.72789081047228,-2.50475690777301,-3.50044277362843,-2.72801558439592
"45",-2.16106040690767,2.14496838846399,0.64684677878262,1.87768727907035,2.30697167386554,0.924558140088811,1.77631957458849,2.28832768459591,0.765889025325245,1.82310129022238,-2.16106040690767,1.86931280023666,0.59666777781383,1.67901623576763,2.02077170327873,0.627875056863363,1.72600788896924,2.00340146057896,0.680118731019172,1.71975924392161
"46",-3.42518445548171,-0.914927517671274,-1.43882499338393,-1.07030132631499,-0.760394880441611,-1.09433923412526,-0.728391408436377,-0.764504923739078,-1.07027525672867,-0.742111551596295,-3.42518445548171,-1.50550182545149,-1.71719327453963,-1.47442327612993,-1.34834122764485,-1.41600107441059,-1.07036619023825,-1.35368927371467,-1.35726857914848,-1.03746597046167
"47",7.83621676002,5.96472148748455,6.0726722930791,5.95191583591572,6.11599566869506,6.06003250731657,5.94917333083186,6.11405547683646,6.05510672543917,5.99692226264013,7.83621676002,6.08046588801553,6.11414468187126,5.90042638676754,6.23494670866578,6.072853820302,6.04187520451577,6.22930372389086,6.03464114239668,6.01998253343775
"48",-2.46282669381381,2.31822262172902,0.91909039881603,2.06275895768319,2.38479967917997,0.99050548417606,1.91951743084318,2.36823199273903,1.01481147777082,1.91099844632089,-2.46282669381381,1.99744477620411,0.932467415336308,1.79481466275572,1.94342389803521,0.803602386916751,1.73552072329926,1.9178124894771,0.901025996972889,1.71994958316142
"49",3.19722553144926,6.42346037853698,5.3734706202622,6.0408567892056,6.41894711604907,5.50467671788136,6.17734691963321,6.41526223104941,5.40446972975354,6.15505590347239,3.19722553144926,6.17339026771862,5.34097156880332,5.99187816944658,6.19206529747855,5.5086322032063,6.08634587015963,6.18562268321587,5.45007486725997,6.08215070867465
"50",6.29640326532026,0.0321150199541631,1.71499409643697,0.303427882605824,-0.112159964329813,1.47656605865661,0.10483289997098,-0.0872855478012003,1.64588142077213,0.210908675683449,6.29640326532026,-0.0213288021444199,1.4963082775166,0.196218915373746,-0.170848347808191,1.28370575701395,0.113532883688602,-0.142130079277123,1.33693508227648,0.131180298508865
"51",5.39813253117179,5.70526197387988,5.79112589000656,5.79916188908848,5.7510862321924,5.88308306355631,5.85182353143508,5.736823529964,5.86483917742451,5.64686841651267,5.39813253117179,5.82138094799553,5.9398789377053,5.76447522759656,5.82929734764766,5.97809233532907,5.890297374359,5.81552779475907,5.97791249798644,5.81033429347829
"52",2.46781680130513,7.39803340189508,6.80730178397694,7.45757709634174,7.52966495258654,6.99861400567637,7.52195480582515,7.52591266196455,6.94474200240922,7.53697398320825,2.46781680130513,7.55434680909797,6.86177938627381,7.44435650477464,7.67124889412544,7.13909818643485,7.51651397678913,7.66363901099001,7.12347738061687,7.57353348644859
"53",0.459992315001795,2.84836454141848,2.50635971451251,2.60517165165684,2.83432064908687,2.62483334019697,2.65506925572579,2.82864524362101,2.62723264326367,2.72132357216664,0.459992315001795,2.72590131136005,2.6823834408536,2.65970651420078,2.73243083611533,2.78403394865674,2.72081115914286,2.72551791208165,2.85061148611844,2.6689984528158
"54",-10.0143386630789,-6.43403769168228,-6.86963117858278,-6.58796935140989,-6.29541350593254,-6.81153800037644,-6.43016947066412,-6.26900517556959,-6.83124998338514,-6.40394342332797,-10.0143386630789,-7.10656357706027,-7.53602456843804,-7.11899471501681,-6.96658606846228,-7.4891752285176,-7.08792980728176,-6.95134599596933,-7.39993494216271,-6.94035179530157
"55",1.99168915869692,5.91685499118194,5.06525760792186,5.34034898211464,5.91346513437165,5.08038335423077,5.36409538852484,5.9170219408399,5.10207318630921,5.3615706839282,1.99168915869692,5.59025565222991,4.88706442028207,5.1320623022395,5.6425208582147,4.95701548018275,5.22015622172975,5.6420857887859,4.88944070091239,5.19148503683321
"56",3.14868180493974,-0.285148881944792,0.244593472463742,-0.171999750983198,-0.0119808416489037,0.604502932769256,-0.103955790432741,-0.000215299481606868,0.609207301367123,0.0391638068978956,3.14868180493974,-0.0307085460350165,0.508956838005615,-0.14238441625526,0.268535325547212,0.673886422471378,0.155088857036927,0.280467101865384,0.636045733062486,0.0177461744759393
"57",-1.66197574264333,-5.62030575617861,-4.47298674697016,-4.8209211117965,-5.70507697908102,-4.73717474983039,-5.06751438102863,-5.6758469225862,-4.62971554094461,-5.05160106082656,-1.66197574264333,-5.52016278120054,-4.77070936668015,-5.10405481057834,-5.56682587548061,-4.90766636691151,-5.09310052260937,-5.536431471841,-4.80489861038438,-5.13742982507048
"58",2.798151470691,-1.55980202688305,-1.4456649297213,-1.89105146745724,-1.94887644291244,-1.91330704770757,-2.00044641860114,-1.96898597002227,-1.81782048775145,-2.30621381756778,2.798151470691,-1.01095029517949,-1.23589985126393,-1.56581293615419,-1.15227035187169,-1.42253736213985,-1.47049618716301,-1.17681758991826,-1.37991018742682,-1.67395415854323
"59",-1.62731900311625,2.17371897703983,1.11409074303001,1.80807154669245,2.0337607122913,1.1449186273438,1.6510241840018,2.04474639017733,1.06836073450843,1.69363838713678,-1.62731900311625,2.23258962275251,1.19199626897918,1.90888247547882,2.05065959829594,1.12848781788465,1.79389572319648,2.06310776381746,1.1382878602666,1.68470441098615
"60",2.320570016528,4.11921279252555,3.60905703734793,4.03956343752713,4.2322653794049,3.87929150594756,4.19554949128963,4.21169088637564,3.78056789975967,4.22399809602205,2.320570016528,3.71311651023474,3.34132333699323,3.85706338009829,3.81454688758642,3.5593808883236,4.01895663740468,3.79081202692241,3.43651057390757,3.94972197120407
"61",4.32759954393175,3.28217564957506,3.74259582526937,3.65684065895792,3.23011529292508,3.72050007600798,3.62718232850714,3.24873573862963,3.64871797792827,3.55042061599031,4.32759954393175,3.41365201739581,3.83422403050065,3.66094637734866,3.33386307822888,3.71149417034259,3.64085655535459,3.35782318594845,3.76505322063431,3.62071888736605
"62",0.9477419239,3.54278144855711,2.87118737676308,3.07001144799167,3.71101645698262,3.25972770594932,3.4651560631207,3.65500844017762,3.19789707018727,3.18295672014955,0.9477419239,3.64558043350816,3.16991666439222,3.2114578505619,3.83540968833889,3.51751541019287,3.6235324018705,3.78757926794687,3.4368103075119,3.45921274775992
"63",-3.1886965254522,-1.75155511769304,-1.60204752208922,-1.67659435500265,-1.70591509450486,-1.6098058917204,-1.64559374686118,-1.70741644353124,-1.62090878474273,-1.59943039106885,-3.1886965254522,-2.02450046851562,-1.92458190319131,-1.74834978627095,-1.98512411760847,-1.74725164689154,-1.92328570381947,-1.9858683296343,-1.78045999687577,-1.8250431669465
"64",0.910050351228537,-1.15311342252698,-0.373366702187692,-0.65565412298291,-1.23027069046636,-0.552866834240654,-0.741200153175134,-1.21393330279152,-0.476504053114844,-0.677304708912858,0.910050351228537,-0.912507364048531,-0.190432864025499,-0.501440035422897,-0.947780183816714,-0.300222106941533,-0.506136122613994,-0.932534549705918,-0.36296390235328,-0.600757666553802
"65",-0.993123090365122,0.794164584610502,0.336540849228772,0.807405169641682,0.719976599257485,0.242709505879599,0.560055788736934,0.740527209408234,0.241876498316216,0.602672653603431,-0.993123090365122,1.01946869562679,0.535003260457908,0.930765675142656,0.927190954597697,0.34011927179645,0.791285368473617,0.947226604250488,0.28132824583332,0.696764056559452
"66",-2.6441650105139,-0.412231277404144,-0.145005641252137,0.0488397845481162,-0.515561742089845,-0.279375992258625,-0.152785889906779,-0.464169487910361,-0.130199476283603,0.0485465788210429,-2.6441650105139,-0.952402526344474,-0.526014373081851,-0.285258994068476,-1.00928654260517,-0.646137763033735,-0.600655569775445,-0.960760620969572,-0.462011710028161,-0.435318441560699
"67",-8.30034812388634,-6.60711757347462,-6.76696048947588,-6.39218677874729,-6.57297736378402,-6.79372639736163,-6.39498180791351,-6.58978964100247,-6.83118762188208,-6.32570690260807,-8.30034812388634,-6.31368067914588,-6.62197236642811,-6.22034330770644,-6.23229633839829,-6.54218718615078,-6.16461500232349,-6.24876425606476,-6.46945293676995,-6.23507564941128
"68",3.29520548550854,1.60509192906757,2.0689592283358,1.84909009547347,1.5223658387035,1.95360568748052,1.72500947529957,1.5384975968976,2.0143645948752,1.72364513365643,3.29520548550854,1.39762475844175,1.8478828325634,1.65890576640407,1.33343141246358,1.77811558287174,1.48680230494752,1.34906553893001,1.85290068101781,1.63645132185438
"69",2.96903306516634,-3.11859985421189,-2.35450782779996,-2.62284581573108,-3.27683457763647,-2.36940482038776,-2.79165812303627,-3.25545270410395,-2.40040874326212,-2.82930617176059,2.96903306516634,-3.07103433346757,-2.23325774306904,-2.53084075353074,-3.22627834105088,-2.45918785645448,-2.67706245196634,-3.21292052951385,-2.40882704932207,-2.70428909357816
"70",6.6375881978555,4.3504037286777,5.00958892518188,4.60891805773452,4.43114091114565,5.08672219278786,4.61988292040636,4.42677622875185,5.03836200597341,4.64399637284543,6.6375881978555,4.65595928761757,5.2873011223968,4.90568350615819,4.70918311025163,5.30802221392025,4.79072679946241,4.70558977876841,5.32013801979589,4.87897298563184
"71",4.33949855491125,0.836836449023393,1.58513115991951,1.06054065172403,0.779781224611368,1.5153220486864,1.09827002755939,0.816001113880666,1.50115299482413,1.00428118749638,4.33949855491125,0.769188823475236,1.51960640846333,1.10294613981083,0.670057497539503,1.42120869298959,0.996947525427252,0.705506930352774,1.42809300824914,1.02626960954364
"72",-2.26403386779225,-0.962163209951123,-1.06933704581844,-1.00424485030455,-0.957270721084366,-0.968739605780058,-0.989197513082432,-0.948775491695087,-0.990842036030647,-1.04195984938939,-2.26403386779225,-1.01552540741258,-1.08060783640478,-1.18043796476109,-0.952570914254733,-1.07321270912376,-1.0073787473576,-0.937223452508414,-1.05849749631171,-1.02548720497784
"73",-0.784300703015385,-1.64056585024639,-1.69518126713274,-1.58324825051285,-1.45306533391943,-1.44446304168541,-1.42195813150784,-1.47724335610395,-1.50694090589818,-1.53340546060882,-0.784300703015385,-1.66316191508904,-1.56626508550343,-1.60473403472296,-1.36840896621278,-1.35295834519041,-1.34032967485762,-1.39064987501118,-1.36245904405141,-1.36523571402767
"74",-6.46144228115615,-4.00095135803993,-4.78270315917379,-4.05989137541763,-3.44307166703389,-4.67802559285336,-3.47797093659418,-3.42830952676799,-4.49228100403532,-3.55471547034762,-6.46144228115615,-3.34461942987037,-4.25106457371368,-3.40438107400921,-2.7026803024939,-3.91358623125898,-2.89919544237841,-2.68606744363065,-3.88642770194701,-2.88021953942548
"75",-5.0214131340371,-2.97608800289005,-3.30902856065966,-3.56834049706819,-3.27721261829954,-3.52169214703404,-3.62964465696011,-3.2694304037056,-3.47620714210416,-3.6304197063597,-5.0214131340371,-3.12379762023884,-3.52832251785721,-3.54112589257004,-3.2120446991016,-3.51937770013543,-3.69358313339419,-3.21153338382652,-3.49434886542521,-3.61568644589016
"76",5.46067307264395,4.5103236924481,4.603897295354,4.77467585305423,4.55499918743171,4.71954773199475,4.90189961663463,4.56480961627711,4.6649369255636,4.95283291543304,5.46067307264395,4.56031848628555,4.65131350632459,4.93401589780382,4.61329175734781,4.69059413534631,4.84355407546772,4.62426989784164,4.60129691695326,4.94124229521067
"77",-1.23155861084053,-2.36970008913757,-1.69317468851997,-2.12387812575159,-2.30603888801379,-1.5287131855448,-2.08647863991298,-2.31287412285482,-1.50542205066787,-2.15068456370388,-1.23155861084053,-2.60271840644869,-2.04083700074608,-2.4984764777104,-2.52377977903947,-1.82740519493622,-2.33479013742028,-2.53319578676525,-1.96475319675738,-2.40110267681496
"78",-1.33942852330486,0.0232034987820319,0.0187209623855263,0.0775954900037719,0.146466183913944,0.190348868040225,0.0723007661524017,0.130211962668953,0.0792684983839874,0.0333063289411297,-1.33942852330486,-0.11606875121856,0.00322455572396746,-0.0960802719163458,-0.0333558769234182,-0.0159906895538627,0.015329663534685,-0.0468908570362446,0.0482873640859036,-0.0225920069700369
"79",2.78725267612526,3.06449144085129,3.21160000249608,3.18549928591243,2.99990833645796,3.13472643197976,3.12640726727154,3.00367271712147,3.23060703005402,3.0677756278986,2.78725267612526,2.90493935903052,3.03720616907125,3.02908239140504,2.80766487075635,3.0019699156852,2.89867813622893,2.80959257540328,3.05579773367111,2.94796232847447
"80",2.15375888384974,0.62131703641475,0.612582652189952,0.53547299328768,0.590345888557851,0.623888999922253,0.520486552426131,0.604443611734191,0.451457922900978,0.477851493684795,2.15375888384974,0.61260868187067,0.524775077467187,0.643922036740275,0.613729733961741,0.491134091082678,0.541976233577611,0.626126634501347,0.423814322950611,0.530544805745684
"81",7.89921599976275,8.33032095768522,8.50866564166696,8.26568832202271,8.1860520460847,8.49011023845127,8.14194807199605,8.20294629192538,8.62657924640748,8.07336890039959,7.89921599976275,7.60183356393492,7.93189453173088,7.61530548387031,7.50215540447478,7.90340500509426,7.56191946308188,7.51892316333592,7.89292162133348,7.71720249509575
"82",-8.85472428188,-1.86375604022722,-3.94005703010691,-2.22000561724139,-1.84268549287448,-3.74370014470103,-2.18208809153054,-1.78915913428529,-3.9536146886042,-2.16332815878947,-8.85472428188,-1.28800653891307,-3.01658596830768,-1.70350344371519,-1.25781022913662,-3.16559050375742,-1.4980398683181,-1.21511627064411,-3.06206778832157,-1.5531162486078
"83",-1.76005631287415,-2.12907061658122,-1.86351180496603,-1.89190336439561,-2.15505230298728,-1.82883977873627,-1.88812928353559,-2.15543058263405,-1.81808677908001,-1.83031761470823,-1.76005631287415,-2.4972859316768,-2.14998016659688,-2.06142072658489,-2.5295760111293,-2.19842597739563,-2.07804157670336,-2.53040194558984,-2.10539476927266,-2.07484542219396
"84",-0.801698634260488,2.30077412569584,1.42000541348529,1.8415735958034,2.36876339896602,1.46132843423073,1.97666873714303,2.35074552439942,1.45128208334247,1.78504476093164,-0.801698634260488,2.5070688323601,1.68067045796166,2.09651032765021,2.56283946801223,1.65546342382781,2.08036219031201,2.54702297683832,1.69955121038468,2.11099396530274
"85",-9.31682934038738,-7.10017065558568,-7.53143561160865,-7.06788444430686,-6.98723209492049,-7.4055006279537,-7.03856382666899,-6.9701401592077,-7.43573933501885,-7.09761960591916,-9.31682934038738,-7.59766887189372,-7.72815390591379,-7.46562073055647,-7.39386885702606,-7.80628495826258,-7.16917961051445,-7.37977708043116,-7.69092994155719,-7.30712298450718
"86",-12.5221614964802,-2.61508303058884,-5.25718402465564,-3.53938846143114,-2.26141699646819,-4.60337574458448,-3.22561145847707,-2.25543703200161,-4.60977848524538,-3.29335874692341,-12.5221614964802,-3.57271710925187,-5.65271964419439,-4.11642744684743,-3.20053903621341,-5.28696691931968,-3.69456583738768,-3.1864818397001,-5.20440008030337,-3.72527290699268
"87",9.79289100865046,7.91003103757609,7.64401235904745,7.82187269141635,7.94847915906995,7.92167466534647,8.04191149715875,7.96833504106599,7.88307565385384,7.97135640213846,9.79289100865046,8.28735456383132,8.07928099215247,8.07114817941487,8.25909219294052,8.15650641604869,8.2117150951495,8.27737365975965,8.17015492993348,8.27592551915479
"88",-2.26953965021093,-1.10598826933763,-0.80296381105953,-0.756116020552072,-1.2644828867161,-0.919830271609237,-1.0004351943543,-1.29315716673423,-0.94983528500751,-0.881094927127458,-2.26953965021093,-1.29024940053135,-1.01103340997947,-1.16095400135719,-1.50665143528343,-1.21071435711024,-1.29549191524582,-1.52440954790173,-1.23293522827817,-1.36768308907264
"89",10.9871037962514,3.4866867753853,5.18408797791479,4.41180473667942,4.11996222322736,5.48751662499844,4.60648079589948,4.11392370206568,5.39178800602758,4.61476554236372,10.9871037962514,4.11107643675032,5.65221137992074,4.80516246347777,4.66926029131474,5.85728045486124,4.97230476705219,4.66091707749057,5.77570575129165,4.93788810440198
"90",-5.6186612267025,-5.40741935374096,-4.86751842086863,-4.89139927850258,-5.52587160201139,-4.88291504059806,-5.03080414383459,-5.528112866802,-4.89143306566435,-4.92829437202296,-5.6186612267025,-5.12370105840645,-4.42902323884115,-4.66328626325502,-5.1544874736402,-4.45150914278118,-4.70023557891635,-5.16064637504518,-4.41205742791193,-4.66980713823841
"91",-3.79768108074133,-0.751496178816646,-1.19541478453342,-0.904198131695982,-0.824060524982535,-1.21450378888855,-0.965360051106047,-0.81798782185702,-1.17373526785121,-0.962504135658747,-3.79768108074133,-0.925928717873812,-1.35807770756714,-0.960421891031553,-0.962335795482688,-1.37545630407307,-1.10772825185273,-0.954255663676694,-1.31596481408905,-1.09522713224303
"92",-6.18945385545304,1.83478538792771,0.481576175308935,1.19188172877913,1.78020077826121,0.379912782842015,1.19109695535938,1.78926190847974,0.353433674905935,1.13083735587291,-6.18945385545304,1.47116906383728,0.183493521457944,0.959891228158006,1.4175560652317,0.1552638938228,1.01453712772828,1.43013564284275,0.16164535893169,0.979465564345709
"93",-11.2283354443561,-6.59074020864021,-6.67384596297288,-6.7789919568181,-6.63863111197833,-6.87757381609558,-6.80519023928831,-6.61296314476524,-6.76459993337799,-6.72221561948994,-11.2283354443561,-7.1864574201499,-7.4641205300162,-7.30930528437781,-7.19113793419033,-7.62322773816128,-7.50907382740974,-7.16685276128775,-7.463612972351,-7.29857676486807
"94",-1.75205562969052,0.149569616939783,-0.742445584306353,-0.379543979741273,-0.107334668003632,-0.652599944540454,-0.341074986715177,-0.0918163500610398,-0.637285477597728,-0.315144820704912,-1.75205562969052,-0.467059770483799,-0.732305916226865,-0.572128809498858,-0.528932463033606,-0.736678868367424,-0.449788583839262,-0.529729734684977,-0.756596371064933,-0.486134692000883
"95",3.04878298771778,2.58678785496602,3.65296915358645,3.16950751052191,2.79837674313474,3.67081648515388,3.26030817839931,2.77398686490534,3.58260330299617,3.24525150276806,3.04878298771778,3.48064705844289,3.8328348913756,3.73889923923565,3.61096047365038,4.06778954334162,3.77872528247492,3.58765936117377,4.09001441943774,3.732625461804
"96",-2.31140582615458,-1.80397519485486,-1.02361508920496,-1.35445055276252,-1.90783143769195,-1.22775856606615,-1.4443755637118,-1.91589514768294,-1.17717845564745,-1.46800636132227,-2.31140582615458,-2.24167366317935,-1.42704142041276,-1.75958929066049,-2.33199786158505,-1.49215785122249,-1.82935766533776,-2.33830820868325,-1.4957964364543,-1.85240985070463
"97",-5.62382631207967,0.16281358774614,-1.05492667397452,-0.697567119240196,0.176224320946215,-1.05093123009241,-0.614551987930067,0.180182256092244,-1.0527894070497,-0.618114970100165,-5.62382631207967,-0.0783259960641577,-1.10507098395018,-0.689407823534753,-0.058207120896766,-1.14829347555215,-0.72384899770824,-0.055901425655325,-1.14980841696771,-0.692870943915818
"98",-9.75327517956784,-2.44996216260291,-3.43736108678098,-2.73903088142757,-2.34445229178103,-3.42732933393526,-2.69873568164374,-2.36025889994543,-3.4798099468062,-2.84587461280452,-9.75327517956784,-2.95547333706551,-3.74207383486165,-2.94536025567223,-2.84215011614016,-3.67608395163561,-3.04484888629246,-2.8532267040558,-3.77395828084051,-2.99672129367972
"99",5.67958310020694,3.91628847239036,3.63889418355027,3.38858600866434,4.10745714437032,3.74137813836447,3.57667899535929,4.11515445397785,3.78881072714673,3.63320033107635,5.67958310020694,4.39574943553818,3.8970969678755,3.8847572020759,4.66406907910168,4.1182186132245,3.90800857553803,4.67076549299619,4.09770762993641,4.00459944485543
"100",21.6167170818156,3.68639792429141,6.30968641086958,5.14625748919692,3.65197060231916,6.4704823944584,5.12652245096149,3.63498822743091,6.5048980422792,5.03988659567451,21.6167170818156,4.38226295782306,6.76381609109613,5.3372469745129,4.30249848240155,6.55565330724688,5.29049105898302,4.2845713765513,6.73863712826993,5.3406531347485
"101",7.80132023955135,2.4630747243048,3.70255143336359,2.91615838035327,2.4818752544972,3.44460726056619,2.78673668134809,2.44961609544209,3.43258053249659,2.79135030492942,7.80132023955135,2.09907350589622,3.37549219225805,2.48891304406642,2.11201761399002,3.14358195537946,2.38970792317888,2.07408363910214,3.04627052786001,2.47840744821527
"102",-9.75022718522094,-3.25380555530623,-4.42623516940738,-3.63470741998446,-3.27326742548553,-4.19351628629586,-3.50985209719005,-3.29705998309723,-4.36559954593685,-3.53869699442219,-9.75022718522094,-3.81233387847453,-4.61706722304709,-3.88396117311132,-3.76108261878512,-4.49297782744369,-3.80058038193585,-3.79277241427753,-4.67708430411715,-3.76516188929967
"103",12.8358252809809,2.6156477856692,4.69518760575259,3.29075277236001,2.5554189210275,4.49092768071888,3.39741350273034,2.54010241031028,4.53700765713312,3.22866749953637,12.8358252809809,3.43864670506799,5.91884291524071,4.41497998047373,3.48513537480868,5.71052646665355,4.27643656943435,3.48177153402451,6.04100085427703,4.39272194859421
"104",17.6710551235439,7.33516888283635,8.84830285539224,7.76429875098784,6.93988466096327,8.68668091136155,7.34087249923282,6.95964869099244,8.69221882561296,7.35263460493959,17.6710551235439,7.26053381746006,8.6731845410414,7.51924798770363,6.94163314827076,8.49323614355888,7.29183562030526,6.95878506504915,8.55868987670834,7.27654127689515
"105",2.84190454618912,-0.693309675006701,0.0525754483084957,-0.382281862363435,-0.819736490698067,-0.0907629934502525,-0.464717626684777,-0.813673548489122,0.106147572322158,-0.545603834047915,2.84190454618912,-0.672236268215614,0.0463660619205746,-0.456030239503946,-0.868164426937046,-0.158677980171005,-0.584505348790318,-0.861084202771076,-0.167933206317165,-0.640315447895489
"106",0.167513309625094,0.0547351844775263,0.167468820864188,0.0940165098851169,0.0425083075567405,0.182542432870868,0.0537420881317349,0.0380254171947725,0.198506754912208,-0.0143594866839469,0.167513309625094,-0.0462847830408149,0.113437499086316,-0.0212895714190403,-0.0671498444864648,0.0846893037564655,-0.133288998003937,-0.0666490945778025,0.0950638748062929,-0.0495518489357157
"107",10.8434450942769,3.48277279560151,4.37697932263012,3.98216599175196,3.54750283437414,4.49109006129461,3.9372498663804,3.55517032144376,4.44988686100236,3.93380495927402,10.8434450942769,4.0740530326258,4.95665977910985,4.32822637570726,4.1510210166846,5.0329583397432,4.4495283984462,4.16671946703319,4.91721511180322,4.41777391392911
"108",-6.85015246445789,-6.85209209857846,-7.43794976300344,-7.1892958845197,-6.80511358288953,-7.41872393886233,-7.25453942365171,-6.80562483844649,-7.41433689744618,-7.14174531613127,-6.85015246445789,-6.53790180060199,-7.1810938629087,-6.86093799426025,-6.49589864914516,-7.10996939033616,-6.84339797587627,-6.49417938398645,-7.02964417881954,-6.78944035737184
"109",-1.11358992410285,0.457175266788051,0.349390480746344,0.459639272499933,0.29656015033503,0.13624461417122,0.329388102294786,0.27169906645578,0.179856280416474,0.323791663167852,-1.11358992410285,0.36642652592363,0.252245047925941,0.359476114296213,0.218509843083691,0.0990240090786252,0.247213949139557,0.195973741599148,0.0295844789479798,0.143565186692213
"110",8.78419394598576,2.86856818027101,3.58551301338402,3.51047780448791,3.00009635298437,3.61230130238722,3.66464982473833,3.02647455467512,3.74836101632982,3.64301127965358,8.78419394598576,3.51129831378216,3.95861444758231,3.92873766204847,3.69710436825118,4.00479070167808,4.06060986418355,3.72325531785324,4.10451528965701,4.03428931429229
"111",4.79290895064712,1.73754402392622,2.3656134772664,2.1220320162542,1.96260020667376,2.54430343355328,2.33965276729051,1.96759387826774,2.61325696949432,2.35175700627812,4.79290895064712,1.9918604030251,2.67116456501688,2.28918888820023,2.23855038213183,2.61059413903608,2.35441097232921,2.24269461276051,2.73124567778006,2.35241364360122
"112",-2.01939906870492,-0.305369844928574,-0.797652956932621,-0.403069935843336,-0.241181608009735,-0.758011096522683,-0.346463746907195,-0.231361382904407,-0.670861629438177,-0.370481355271599,-2.01939906870492,-0.0576421918407168,-0.683756782466889,-0.261879697581721,0.00294702568414466,-0.670937736997287,-0.161750527228228,0.0131651032607006,-0.55932047030982,-0.180843384544898
"113",0.686405761497581,0.104131789018727,0.877125625033591,0.369761264714398,-0.0388369421461361,0.80469387366699,0.264901774774137,-0.0504852680589797,0.874739222621347,0.279293697960523,0.686405761497581,-0.29046288489592,0.465333255376421,-0.0339003634072724,-0.356957230805934,0.309013046766393,-0.111417825849333,-0.357023918399641,0.276459978113297,-0.0507643875178342
"114",-3.67232684475031,2.4291808531171,1.46964964341431,1.98609434219588,2.50516751666619,1.48073610377405,2.08716153802775,2.49740160105621,1.46232659758241,2.01590162405816,-3.67232684475031,2.31316121212057,1.27718932401028,1.93145831285642,2.37696612884247,1.39800939206824,2.00838955663028,2.36977791244636,1.37579077871198,1.99713254057134
"115",-0.383428980443469,-1.3750858147121,-1.57267406662613,-1.44012333777692,-1.38213062613301,-1.65674012286766,-1.52320806759466,-1.38985555283103,-1.66756550370163,-1.45668155668258,-0.383428980443469,-1.48150743400783,-1.67890319336137,-1.53492706341582,-1.48913451524082,-1.76995041153391,-1.55979222406401,-1.49647611808769,-1.69331560455217,-1.5190729213153
"116",6.20331203099849,3.93491933803896,4.00844789858419,3.92318067949766,3.66190737185074,3.76087849132022,3.73557383012331,3.66889428785655,3.77802904950917,3.7520686496607,6.20331203099849,3.94059848320306,4.05987415403073,3.87980154730148,3.71524982353205,3.8317713880989,3.79904495104279,3.72205027289613,3.78577431767875,3.81130074699025
"117",8.58145186283754,7.08640628849735,7.02730642871101,6.99208216323788,7.08418148774557,6.95005916618281,6.91315854115055,7.08408959793228,7.13737046965985,7.00571724008279,8.58145186283754,7.5490750327451,7.45039558489487,7.42766123209423,7.56058057938121,7.38117074381619,7.42242139447079,7.56062483489802,7.37055537536661,7.33126501007562
"118",3.43982958804978,2.52339341525031,2.55946255338065,2.38209879027148,2.49086308150058,2.40758173483458,2.41099737645126,2.50018249203454,2.48240401270824,2.33038981741766,3.43982958804978,2.36207264408426,2.2849512832257,2.16384559110857,2.34459389595911,2.26967769467747,2.1460681514397,2.35272671000129,2.30335146054942,2.14497723641093
"119",-0.724869125182743,0.114276195936648,0.22283102112612,-0.118843635846864,-0.0098166687314372,0.0559085736866159,-0.0887833474975825,-0.00623273637423587,0.0981612899646102,-0.0429361835528255,-0.724869125182743,-0.172715071932086,-0.0540182682657003,-0.348132228408245,-0.317915827342988,-0.280901758274481,-0.346109377494118,-0.308986679617484,-0.254911634696075,-0.354374396598205
"120",-3.79440348192099,-3.17627908359258,-3.32021732866916,-3.18958434300884,-2.83730795576672,-3.10109025750251,-2.91511407930129,-2.82188463256924,-3.17637882800697,-2.99783969131178,-3.79440348192099,-3.47636121036766,-3.63817845865607,-3.42966329403337,-3.15983194911436,-3.50699435071195,-3.20457913801343,-3.13949889802749,-3.53812656541813,-3.20134342816853
"121",7.78244617767912,6.14865474616165,6.42806805673793,6.48980828408409,6.15959741362977,6.45006493568602,6.41858909509882,6.16235963903904,6.5019125359022,6.50846016672913,7.78244617767912,6.22265953731074,6.6818388446449,6.49730917178364,6.23927867402396,6.72511356647385,6.50753335151045,6.23976120952647,6.60925911538309,6.41094114082823
"122",7.42886499107161,2.98990327344354,3.2169166531622,3.14062811901544,2.84494388275222,3.24345320676756,3.1260343061859,2.85329469156267,3.27186976333551,3.06842268552018,7.42886499107161,3.17028232847701,3.38367860634228,3.39615498939096,3.05799537974018,3.39994132153914,3.30547386512173,3.06771906973652,3.38704681086604,3.28074785264864
"123",0.961135014741194,-0.291167133880401,-0.584874726522651,-0.560387934940002,-0.21409103823184,-0.528345389338409,-0.391380561715888,-0.211743132518728,-0.549088315911712,-0.287470884241303,0.961135014741194,-0.0723071238999037,-0.416313676905033,-0.224619352397033,0.0650220669304977,-0.289681848634546,-0.0420712234998607,0.0758879153278197,-0.405642831960004,-0.00598285103995962
"124",-1.66296433243775,0.39880329958853,-0.662681940262225,0.125999890345551,0.42350130846488,-0.545744625824367,0.0190503305737961,0.42821988426992,-0.561554019471142,0.114655696958964,-1.66296433243775,0.234369463525745,-0.840551402975948,-0.019748329883161,0.282998617243666,-0.775451985294694,0.00954305647995978,0.292307914590362,-0.712923764616081,0.0430310728073985
"125",1.51454101809657,-0.0230842383328482,0.310143837131942,0.290974159418438,0.0532974641750003,0.482539195188921,0.328130576766123,0.0542510177446903,0.496029897341694,0.368688433148644,1.51454101809657,0.520074915096737,1.15551580928982,0.948427345264826,0.609913036123238,1.04397024071667,1.00053936539709,0.586361090069604,1.16147519673569,0.966538134720062
"126",-10.0981754129274,-7.62060580306602,-8.1143608937026,-7.91006831382599,-7.57145968400977,-8.09922712789844,-7.99685177903123,-7.57825429662713,-8.07115388760729,-7.88754880891733,-10.0981754129274,-7.15630438660135,-7.72804473673574,-7.38045928633019,-7.18620415832874,-7.67279377491184,-7.41469206948867,-7.18277126236989,-7.69600115801627,-7.40530444849452
"127",-5.65447967346265,-2.13849272988754,-2.74175143967035,-2.4987909620149,-2.24212742187001,-2.76682006002152,-2.61027524249971,-2.26165253387995,-2.68641927430739,-2.56795120784656,-5.65447967346265,-2.37842384888522,-2.78088868975202,-2.61624689049467,-2.49524528257777,-2.80605236636565,-2.69719567129633,-2.513002199174,-2.82731577200469,-2.6849193775034
"128",9.54927894482913,1.51633955829937,3.19803010785915,2.04655969738768,1.73994642569605,3.21279642362402,2.19819905023009,1.74967638137922,3.17119771684891,2.26188957469276,9.54927894482913,1.48253978949019,3.04356636807953,1.79821329952014,1.60900619150018,2.83930743966209,1.82360088295369,1.62496792888093,2.96635239758198,1.82789497511133
"129",-4.21057235007826,-0.652497656268364,-1.27258098550015,-1.07791071782948,-0.672361858968446,-1.15547644770428,-0.956019592176259,-0.668001403720749,-1.14345788336102,-0.966475950630327,-4.21057235007826,-1.02554950497078,-1.4995996548127,-1.30087697875785,-1.10588095845571,-1.4086833124674,-1.28278098498915,-1.08551331084966,-1.54858381980053,-1.25611598017419
"130",0.395212197767042,-0.719473332161471,-0.502403586679043,-0.516387275563832,-0.432640394320249,-0.262636442161963,-0.347067059239131,-0.421816588013792,-0.311178456886811,-0.427837007192039,0.395212197767042,-0.429232729116599,-0.326027730429376,-0.397603967897704,-0.210347592605029,-0.250124767070595,-0.262248774353965,-0.199198553481439,-0.20186300960662,-0.20773840665504
"131",15.1429723448062,2.35056027670221,3.8318454059015,3.34971208757728,1.79821360195263,4.33834948252788,3.01383048270496,1.79143807850385,4.3820217181829,2.84196626557387,15.1429723448062,3.22987890285452,4.65070411077086,4.09287051448384,2.91097729004528,5.00120600459421,3.86096678832056,2.89832592438099,5.01691331458757,3.9268926005895
"132",4.58365155057761,2.93556607595656,2.67448776745089,2.87430642517846,2.90763442501292,2.59293845801306,2.85031488437307,2.91059798003761,2.66407027088273,2.9031389534434,4.58365155057761,3.06375983352034,3.05874606433454,3.15352514371894,3.07503085346437,2.90430920111297,3.27767782168136,3.08180105214861,3.00994714441212,3.19033991470571
"133",1.75046714957496,-1.74012520914847,-0.784751260006279,-1.2927878223846,-1.56869275879813,-0.793237133310764,-1.36123512769451,-1.57190656562385,-0.856941083246427,-1.29803610644405,1.75046714957496,-1.44566978220083,-0.718025660928962,-1.15493571335127,-1.31661976729214,-0.761072351466891,-1.13754713853102,-1.31939823886334,-0.692677355757006,-1.14165738406453
"134",12.0149535854693,10.3694224134436,10.5944803082758,10.2783684897784,10.4647462033833,10.5433461647258,10.4295762008001,10.4499268776557,10.471502037112,10.3715938000141,12.0149535854693,10.3262483695278,10.4377306397884,10.3764482747793,10.3845677924856,10.3832461270743,10.4231874860522,10.3758096229161,10.4222005558901,10.3196483467813
"135",-1.86903399573381,-1.31458319140476,-1.66453505737552,-1.46596048278498,-1.32252741668343,-1.56443651363909,-1.46186099524778,-1.32132316306392,-1.58162693809659,-1.43740129059825,-1.86903399573381,-1.60955706918853,-1.74221981904002,-1.63438331727154,-1.62239893163652,-1.76575593149688,-1.64081142779281,-1.62195455146703,-1.7396953471102,-1.66088635182919
"136",-0.563106842167,-0.577696924583571,-0.433840682966339,-0.412104091961518,-0.543416107184563,-0.404746172728173,-0.409878770869137,-0.551086770756947,-0.442726741000618,-0.410090390103309,-0.563106842167,-0.132611593704024,-0.171168510979035,-0.069992733999756,-0.109270228899155,-0.120545341880397,-0.105546736134671,-0.115593331607975,-0.148858481143338,-0.158612535651948
"137",2.27033945149697,3.46749641735226,4.31035390126237,3.93915949197785,3.54908832037443,4.35749020519957,3.93701796761119,3.53333104841144,4.3050859120357,3.95152355847278,2.27033945149697,4.00705556166126,4.45554394206168,4.24339573259422,3.99087334712407,4.63373739556248,4.23732502903092,3.97476962890257,4.59280138598433,4.17217456609347
"138",1.33722079133,1.82756705123608,1.23288489744907,1.30712046297597,1.59905643069218,0.992361349814966,1.2260164948475,1.59976248186259,0.991885960693628,1.23685588219076,1.33722079133,1.90978864277493,1.33685633721429,1.71562803347284,1.58108462309966,1.14061927636017,1.36772727279965,1.5839630395492,1.15170728002087,1.38138335822683
"139",5.03600520992831,3.56825109372513,3.61808050142146,3.58649797496359,3.62589256213266,3.69661590504391,3.72690655387304,3.6284217097821,3.62507401516085,3.8042743319003,5.03600520992831,3.37711227773188,3.47934740938008,3.50077779516211,3.47030489820148,3.52313786533941,3.57801104992601,3.47321237876382,3.5816741495425,3.54000871024138
"140",4.09681850787389,3.321166504834,3.72020753821107,3.46788637580206,3.32450920045252,3.75398083893446,3.56035921732014,3.33302379256172,3.69337421914646,3.52367680325329,4.09681850787389,3.42627685111004,3.77736774365172,3.61833286399246,3.46036540437247,3.77861097303074,3.70745449364817,3.46835669059156,3.77331954678179,3.66189893113823
"141",0.628330768050694,-2.48871551539896,-0.78361470523289,-1.66538104894637,-2.5510361521941,-0.766753975211973,-1.6671199965332,-2.57052759988493,-0.805927763975548,-1.76633403831512,0.628330768050694,-2.32536680810595,-0.871323086632928,-1.77799267781127,-2.46715232585515,-0.938809772389444,-1.99072695755943,-2.47935478263694,-0.95336054573773,-1.96771484314358
"142",1.80792994363633,3.33869986500703,3.15638253954375,3.40825010069375,3.38016272280311,3.28230390943353,3.33499623269229,3.38114866577208,3.17314480922136,3.49248910578573,1.80792994363633,3.70660087175317,3.44259256013486,3.57358846561673,3.74869304649783,3.50412068705552,3.66340597640496,3.74883134216333,3.46824283060048,3.6898083692232
"143",1.09360025777057,-1.15006062028337,-0.905688777969553,-1.0503738384958,-1.14220446110526,-0.76061947829392,-0.972483431013589,-1.14598821940107,-0.822980461093476,-0.98814125935472,1.09360025777057,-1.50961579213324,-1.14688691158264,-1.27229470730823,-1.51923721980486,-1.13594907675144,-1.36617796252687,-1.52145942296959,-1.10396706933299,-1.35815552028682
"144",3.6233249118087,6.42678594525691,5.59585113422668,5.96798049334504,6.415723784821,5.61829266099999,6.11670576112201,6.41918162595104,5.73994808754842,6.1184333679669,3.6233249118087,6.30986554246352,5.70752726763686,6.17510287631801,6.29998038133136,5.66410682010272,6.09991381147129,6.30356559956838,5.78853711882345,6.14082816900353
"145",10.0177621832587,8.08875230774329,8.12719410023854,8.04476519850103,8.16072379793603,8.14226319489342,8.10483705080024,8.16028855320588,8.1924285830132,8.29083842617334,10.0177621832587,8.03819743895993,7.96013838818174,8.04032972746274,8.12015362058783,8.05167246775658,8.104049930998,8.12019404966602,8.13463149193277,8.06348903935713
"146",0.777998052654444,2.84817585081993,2.40302306224511,2.70647399474904,2.84236001350209,2.54833915989239,2.83619669103994,2.84687441844098,2.48367900316388,2.83511554515357,0.777998052654444,2.1804643699537,2.01951601822645,2.18928871224223,2.16586103583521,2.00484019997099,2.25988699184278,2.17014770193469,2.04781344245169,2.19355495205529
"147",-7.37726442906425,-5.13756497750761,-5.74176297099472,-5.27350042822066,-5.20184570851814,-5.66138303200529,-5.24618288994871,-5.19861712893995,-5.73463762672276,-5.1886036387506,-7.37726442906425,-5.61194663630473,-6.00185486742856,-5.64061584269315,-5.64411603575471,-5.83022707650209,-5.62557738569829,-5.63998485675112,-5.94070452106096,-5.59982955692661
"148",-31.2058252854,-23.360388954822,-24.968327412635,-24.029760839241,-23.1718309858515,-25.0928250397915,-24.046986900154,-23.1744156456766,-24.9774669712796,-24.0799670535635,-31.2058252854,-23.3770081946154,-25.0689725611251,-24.2412312120615,-23.2513792747981,-24.9833183510731,-24.0360831061447,-23.255277035372,-24.8672075474941,-24.1499653923832
"149",12.371581503339,5.22818264310593,7.58949827929964,6.71352839649534,5.32811376060437,7.69695547967334,6.63650999807171,5.31909637083542,7.72262649159078,6.72588270618994,12.371581503339,5.32474404829715,7.29212884240252,6.36263077106509,5.38690205903085,7.23791735067317,6.33752269986091,5.37465754589779,7.49342069076815,6.29758995092506
"150",7.97635410828125,5.90518591877135,5.90887262787344,5.9684578865778,6.08517057835895,5.95015425662422,6.2136133422925,6.09273515308461,6.03918673621257,6.18868433109811,7.97635410828125,5.9148062347318,5.8857347354916,5.87582058593691,6.05752206533535,5.99219757471099,6.04256366076012,6.06407410289984,5.97765635511403,6.0214390294821
"151",9.68825552835764,6.57278546736588,6.61763111725438,6.83765804959489,6.56530646439086,6.66810432034751,6.78864194418763,6.57172860728856,6.51236195832626,6.85140880725705,9.68825552835764,6.21683549200782,6.36471270855844,6.46436181556147,6.20263589131369,6.44078130830008,6.49640293978356,6.20943608871785,6.33732204224234,6.47366698546265
"152",8.53901692114097,10.7507984189904,9.75103537149317,10.3524468215125,10.7093375483302,9.55313393438828,10.5743954733901,10.7240670052992,9.56658080835978,10.4652717643943,8.53901692114097,10.1117701749833,9.00844058937633,9.87415911417279,10.0736418545083,8.99527264099717,10.0046922908614,10.0876399254198,9.08940505847922,9.90104889708113
"153",-3.76077627252986,-5.16656212042134,-4.70928852812546,-5.31831655004953,-5.17441874478812,-4.72780579593921,-5.21334993799295,-5.17991027326847,-4.82082929808577,-5.29225118860466,-3.76077627252986,-5.20744946097314,-4.65919551944582,-5.20874054415481,-5.20352482672406,-4.81472438682373,-5.25569886634483,-5.20781203371146,-4.67374599100125,-5.30678055637911
"154",-4.13506233758958,-2.95209918046974,-3.37494639057515,-3.20009421117659,-2.88926735903001,-3.44810393577914,-3.27922888254771,-2.88115926301826,-3.37877205447339,-3.15257776080246,-4.13506233758958,-3.37478337594003,-3.74982189524944,-3.63303191916462,-3.26167945665535,-3.80291415815286,-3.62091068777484,-3.25408472029904,-3.7281258205175,-3.61349891766406
"155",-1.36461936263681,2.31663445533652,1.02542656780505,1.85146566280449,2.32407534956892,0.847929415853883,1.93085460126062,2.34281257619449,0.945388188371675,1.90972388839101,-1.36461936263681,1.92913077539034,0.586865954291703,1.52468181254726,1.94974450004289,0.655106911462354,1.49514178285409,1.96731939967599,0.652995385633796,1.53382391648662
"156",14.3871847318969,11.2355421928687,11.0727248358372,11.2186474781441,11.3136192493723,11.0960818336512,11.3866170183999,11.3015369615623,11.3257400136866,11.3092641065451,14.3871847318969,11.9044438455331,11.6866664343559,11.8799173206218,11.9591365416119,11.9123687043568,12.1206790413016,11.9478702103998,11.9408443783071,12.0548863419357
"157",7.72289591537079,4.93590765193741,5.09837921455582,4.90279381954374,4.90192824537945,5.02482365580134,4.87348870382525,4.90338954412157,5.07373643632093,4.8689235487254,7.72289591537079,5.30818672492753,5.4333505056498,5.27617163842393,5.304277271624,5.36704029246802,5.2695150833788,5.30519574174302,5.39308402448851,5.27471384317022
"158",-5.3073779759826,-0.303917017379767,-1.28387861484308,-0.458479210282282,-0.317214274284735,-1.2082571512523,-0.467004222499524,-0.309609008424202,-1.20846582435355,-0.464606658256458,-5.3073779759826,-0.48362168038085,-1.30779726678463,-0.646181707752554,-0.493291157488169,-1.34924643991088,-0.658518516968591,-0.485711759665709,-1.34574658335678,-0.697347004006657
"159",-2.57570485387972,-1.13307161135358,-1.43616440110717,-0.923126640981788,-1.09201458702069,-1.38758046271378,-0.764113359782056,-1.1090530398506,-1.4290035038955,-0.766553155039119,-2.57570485387972,-0.373808694608246,-0.534506179390503,-0.0959539899096431,-0.331684005448335,-0.624993290310548,-0.280158226555383,-0.347500738184625,-0.578803909543586,-0.101956107541326
"160",7.82668371999699,8.64670279451937,8.19246410910751,8.17588985769433,8.64184463025656,8.16545741175463,8.0951672836328,8.63067156403888,8.24266347917682,8.067208921854,7.82668371999699,8.24498823032866,7.82712517713241,7.59716285356034,8.26098292545295,7.86437827870248,7.6700145223154,8.25111677879698,7.94681795216099,7.7007037921167
"161",3.37587269580589,3.3778659366932,3.39986969590771,3.36664145428892,3.31761063029392,3.34211731469137,3.44096097441479,3.31478700268085,3.36215170192086,3.33811017841128,3.37587269580589,3.31874162100457,3.38836609460321,3.26844644320369,3.28212180970587,3.37505782140579,3.18767490043688,3.27993147488308,3.25489595960339,3.23268012245505
"162",6.73326879223444,3.68970180411647,4.45517469958392,3.85024992595298,3.64069648965475,4.346149545614,3.79991891423191,3.63538821713848,4.54089799427857,3.9040881780305,6.73326879223444,3.9213532861241,4.93861476693309,4.3056878092031,3.88568767530987,4.83007172942782,4.29607339643456,3.8801882858954,4.75841676271447,4.22458918362299
"163",-0.708903670287778,-1.07967300883245,-0.987025617398646,-1.03670765892881,-1.02575769931972,-0.889891754207091,-0.889203477187181,-1.02646440576154,-0.987485067756756,-1.02883331293202,-0.708903670287778,-1.06256092619253,-1.10239261934787,-1.13553337432696,-1.05707079809924,-1.13661487917581,-1.03815044426656,-1.05974915552961,-1.0411280265885,-1.09175851549272
"164",-3.84237042974884,0.390996590835598,-0.746053342027422,-0.0804080343919553,0.439467128700023,-0.80357956546967,-0.0133999575284474,0.440348007934964,-0.67144971841286,0.0447432108513967,-3.84237042974884,0.03059450124942,-1.04194911940348,-0.35759776878738,0.0907656479223016,-0.977400609809911,-0.268480682801789,0.0879391575166493,-1.00317597479986,-0.27630331028294
"165",-2.67874494584651,5.14825523905363,3.9121067432121,4.74953869810442,5.22598228915274,3.89111115378737,4.82515572190022,5.21579686495773,3.73814275620361,4.73601732163433,-2.67874494584651,5.49586460115601,4.06541540570132,5.14677557889068,5.54131200818325,4.09218641870847,5.01112012551829,5.53201343724325,4.24633615950405,5.14202500623739
"166",-4.67709330212108,-1.22366265286267,-2.22568968922379,-1.3004722578638,-1.14601676905675,-2.30326856008928,-1.39805819536019,-1.15401033870941,-2.40040177056695,-1.33955454073428,-4.67709330212108,-1.00809674153189,-2.21438438290732,-1.15781704982082,-0.961479152230154,-2.20208843778259,-1.15633790319555,-0.969147207534672,-2.17329051724193,-1.25272191594698
"167",-7.63985236297881,-2.17480963413073,-3.65703349715278,-3.09737991985413,-2.10272865189304,-3.7417716201684,-2.67848576245597,-2.10762554859164,-3.61831649585399,-2.62625105531053,-7.63985236297881,-1.01466775304129,-2.82648146673874,-1.87767951660228,-0.980096363143902,-2.86052552290315,-1.70712913874575,-0.981712473873003,-2.83071240268238,-1.93564809210896
"168",-0.0206844684817809,-3.64409993446304,-3.8201750697533,-3.8049215864174,-3.65150280032208,-3.89927761478894,-3.80977339623919,-3.64335762014831,-3.75807342434263,-3.84330219612613,-0.0206844684817809,-3.08014917793553,-3.08925988592485,-3.17044326806695,-3.10087048870666,-3.1619446863061,-3.0601956967576,-3.09271313003936,-3.18745853829407,-3.26870413831658
"169",4.16277488244556,4.80148065076353,4.61054827658371,5.10000958190974,4.78834734893876,4.76402575602725,5.24259260386433,4.77643059849435,4.65563746365086,5.02693618278712,4.16277488244556,4.43544937670884,4.57889158724196,4.75476452851192,4.38964892467453,4.58484631490417,4.71356485067806,4.36571394880155,4.57423102914736,4.71446521132533
"170",4.48666215654718,-0.631744982099044,0.437826326059385,-0.277128186661935,-0.573062755475011,0.324909471677851,-0.282921869963082,-0.566694340175489,0.276864593139303,-0.215209629541441,4.48666215654718,-0.324911827559344,0.818940208428314,0.0101766249536578,-0.295620779805109,0.792938465606146,-0.0870984722988736,-0.287902241421808,0.687160941361974,0.128512332110249
"171",-2.45058014542739,-1.22317181609906,-0.975496945888365,-1.39620153082304,-1.26281422994254,-1.01420851868365,-1.49446105541052,-1.25665274896678,-1.07074937561428,-1.3184970228826,-2.45058014542739,-1.29125691373818,-0.971296570320152,-1.34275641587297,-1.31985236144539,-0.94643825683748,-1.35403377199334,-1.31704364963665,-0.977508986241021,-1.36324816093027
"172",7.57792102857087,7.31171254114694,7.57081495414726,7.37314734826279,7.43678311092089,7.42825129944893,7.52560199466081,7.44435891416554,7.51664485071415,7.51737473066214,7.57792102857087,7.04375616238854,7.32007685502128,7.19027681182561,7.25129041890769,7.20495249895324,7.47324067642196,7.25860135710266,7.34798760978727,7.32273777752191
"173",-8.78251004492397,-4.74446028793469,-5.61379906292441,-5.0344767335543,-4.72257375389309,-5.7439805360744,-5.05023380759646,-4.72714716704858,-5.73169997943767,-5.06287977670563,-8.78251004492397,-4.24391192224354,-5.19915881083973,-4.54077858512254,-4.22322716424341,-5.1655113767552,-4.48156500187205,-4.22737543353311,-5.17684849573572,-4.6351741781072
"174",1.76506910834871,-2.00544200427647,-1.07862114136112,-1.8297136637984,-1.91454092599028,-1.03292362056178,-1.80466236964453,-1.92242830302358,-0.9784436849403,-1.89813547696044,1.76506910834871,-1.92473035888957,-0.760038531180666,-1.73597390708617,-1.83539536427354,-0.918128968293987,-1.73030698942257,-1.84299139602454,-0.826559258208207,-1.82607405119182
"175",-12.7672353077064,-9.02398332195988,-10.1513361654685,-9.31776096529724,-9.03816690281182,-10.1167486179341,-9.31917361649284,-9.0306232195589,-10.1725273450632,-9.32793609143281,-12.7672353077064,-8.81466997623946,-9.73293304317922,-9.13848499599847,-8.83821767505296,-9.77946156939107,-9.09309735559637,-8.83054665648174,-9.77856958271774,-9.17575380195766
"176",5.73784909607104,3.1010576855457,3.56007260962441,2.94719553506533,3.04979941225447,3.51030735601523,2.89604101030953,3.04807605054228,3.43659489679591,2.88094700039511,5.73784909607104,3.20103745003994,3.59483064970188,3.1365112036118,3.13715438333671,3.55537313656346,2.98784142517777,3.13477545451126,3.50197098834708,3.01865059008023
"177",6.74480131746435,0.479514744636866,2.03960784018387,0.869490741400691,0.31841935850527,1.95720697432961,0.87328618494989,0.305662444518388,1.86764000136884,0.678360036090452,6.74480131746435,0.952353732203039,2.08181070992748,1.11253978411072,0.818196048467164,2.08015224671327,0.983390703891335,0.805880030733223,1.94057563762973,1.02735817424218
"178",-1.20063575481788,-1.60595215478275,-1.89343941892125,-1.63693542357968,-1.54112884233589,-1.88323166163027,-1.65982751900605,-1.52680788603656,-1.98555186623721,-1.67155477172968,-1.20063575481788,-2.08434784802246,-2.23003087384128,-2.02909459768393,-1.99291332690929,-2.31420015597006,-1.99078371291038,-1.97691002108137,-2.29072036043128,-2.03878166549131
"179",6.36779408004938,9.10738541947849,9.03326536999014,9.35065717201584,9.22336767077835,9.13338787943728,9.51883447222483,9.2253346999464,9.09601142183367,9.40826125226662,6.36779408004938,8.61303570414768,8.57720181113751,8.78807648261507,8.70316119305172,8.50849417444048,8.78751736457906,8.7038008125105,8.64966264668303,8.83353045002484
"180",-7.36497506852529,-5.34106701445834,-5.87415968479763,-5.6433863235925,-5.4059554619648,-5.76696843411307,-5.7036597588335,-5.40660542147827,-5.76239409902495,-5.76799048322539,-7.36497506852529,-5.16271441064847,-5.71152203727871,-5.42047589234794,-5.2033952075898,-5.66585173466551,-5.43314454271179,-5.2031948068197,-5.70877136510505,-5.41617200859757
"181",-4.08183020922386,0.0921273882355284,-0.893158241263217,-0.272533713257896,0.116980631168161,-0.831007572193068,-0.219947439974444,0.112663366348314,-0.951961230545945,-0.23382640430642,-4.08183020922386,-0.00261033510105319,-0.838855044125942,-0.319134467000549,0.0284148495612303,-0.808956863776845,-0.200786755575457,0.0239583584415358,-0.847474850401935,-0.194510041097931
"182",3.81468920113743,4.50523739812206,3.62060392960449,4.07768913584852,4.51668296173603,3.72704211046095,4.14164018484628,4.51583240621343,3.60309237076359,4.09334616163038,3.81468920113743,4.43764314964264,3.52587094509848,4.23635424462258,4.42132325347937,3.57318769948726,4.16930498776717,4.42079884378906,3.56657741312655,4.23200247495459
"183",-8.90692436197594,-5.07717522276801,-5.57337793958918,-5.13327486068555,-5.16995517731231,-5.58047037473231,-5.16461606817692,-5.16823280791255,-5.70028743787706,-5.15572602395655,-8.90692436197594,-5.0242256018093,-5.33036052700729,-5.0595894837904,-5.08268044162065,-5.54869916053263,-5.06054785608739,-5.08068839179978,-5.56300051216455,-5.09389688421661
"184",-1.30927399353391,0.276463570253013,-0.140254060299788,0.200137786437077,0.322295377558574,-0.0881611007596187,0.176473675852518,0.321325017664452,-0.16722281884211,0.274617334294671,-1.30927399353391,0.417769391049363,0.258343136325119,0.543465125406973,0.425324261725095,0.153911868773234,0.613932940494009,0.42442319899275,0.166615750159757,0.523394307821489
"185",3.7781824822471,2.1148212457508,1.93368797088236,2.13799201703854,2.09434794295745,1.73224250762899,2.04616434923791,2.09563947770734,1.87422589742124,2.06937766670579,3.7781824822471,2.15230006841361,2.06703962259656,2.0472061423015,2.12508096015609,1.9673010463831,2.13792763274093,2.12671633634134,1.85400533148719,2.07763035042036
"186",9.410604230744,-1.5504236943035,0.507795148677113,-0.323045951628781,-1.54193846828067,0.472589124561814,-0.350887549742169,-1.54107655396896,0.753329630019986,-0.246820660437147,9.410604230744,-0.965972646776358,0.996724555228806,0.0401199482178905,-0.961155521146024,0.814810151075037,-0.108789536244181,-0.956673149505,0.902374670870813,-0.135203287781844
"187",8.75743166077029,6.32827667759499,6.28288861504855,6.03257551343918,6.51805739439917,6.31696548181059,6.14167175595297,6.52061397380927,6.30960255400415,6.10328018817511,8.75743166077029,6.28024422181079,6.31726636326766,6.18332722362826,6.45952481643441,6.40890972437949,6.22776784630384,6.46231418346424,6.40592094168415,6.19442366810976
"188",2.90214388346771,2.17131574295253,2.01324126057567,2.02665066202358,2.23044410506147,1.94790512091756,2.06455674350885,2.23130054289391,1.9018595800873,2.05521932751998,2.90214388346771,1.68696375414124,1.62733262623154,1.61640396077933,1.72101337713989,1.63577428342088,1.57292788787806,1.72223389588278,1.64805831582449,1.53441843258202
"189",-6.73016660736783,-4.08721813784679,-4.67421128595972,-4.21088983174494,-4.08674817598446,-4.54088087571676,-4.10075832492508,-4.09186081227393,-4.58607585581083,-4.2025199669663,-6.73016660736783,-4.04633383761491,-4.44960016868878,-4.02702510040979,-4.01399853154022,-4.46145356127987,-4.0059227903883,-4.0174403787287,-4.38081807318734,-4.0301570534596
"190",-1.94527234532841,-0.389974696849561,-0.689813574164534,-0.422087181701767,-0.399515323323755,-0.685598009225399,-0.396315237773293,-0.399668509925724,-0.656340796992993,-0.371030688976369,-1.94527234532841,-0.660231879271774,-0.673828879713841,-0.524660017161724,-0.656042914373875,-0.67099226533167,-0.489567832014802,-0.65616884083342,-0.701275150430873,-0.502649170508156
"191",-5.20513523101377,-3.05970654820938,-3.73832596092338,-3.37922724200729,-3.12276003752897,-3.77101439466857,-3.50648450895986,-3.11913299725251,-3.74634686315839,-3.56766326027668,-5.20513523101377,-2.78550605553981,-3.40278206284654,-3.06686413215834,-2.83733940257718,-3.3912283275142,-3.13706944741866,-2.83560442920933,-3.32363316422154,-3.1732894746856
"192",15.4457908798783,11.2120476667998,11.5229202742232,11.2461611273415,11.2721395629056,11.6856819867383,11.3840125677543,11.2671903872332,11.7364723830676,11.4421452429159,15.4457908798783,11.6994338922761,11.7716643683963,11.5767194445914,11.8190695621716,11.7887791016039,11.6673961962521,11.824152727313,11.9144615656062,11.6289732152142
"193",6.98883852281899,5.7225799164118,5.62641079163364,5.59766391327168,5.65267076188021,5.59896259605882,5.53822712024772,5.65737031504465,5.53677731043867,5.59405502186533,6.98883852281899,5.69527565746122,5.60068840850707,5.57733612767681,5.64950108268821,5.5851773860978,5.5573433224894,5.65641368685989,5.6012371701004,5.50037302917498
