"unc_Markowitz","unc_MichaudParam","unc_MichaudNonP","unc_FactorParamPCA","unc_FactorNonPPCA","unc_FactorParamIbov","unc_FactorNonPIbov","ssc_Markowitz","ssc_MichaudParam","ssc_MichaudNonP","ssc_FactorParamPCA","ssc_FactorNonPPCA","ssc_FactorParamIbov","ssc_FactorNonPIbov","luc_Markowitz","luc_MichaudParam","luc_MichaudNonP","luc_FactorParamPCA","luc_FactorNonPPCA","luc_FactorParamIbov","luc_FactorNonPIbov"
"1",-2.41296367207898,-2.48094484530341,-2.09838649325647,-1.57229640913915,-0.802076958391463,-1.24670852889304,-0.763501737320463,1.21615991435984,-0.439607064500175,-0.68974389668428,-0.547892866411738,-0.567096874516767,-0.49430735310561,-0.373859767697817,-2.88364921109335,-3.00126783962124,-2.93822138007614,-3.03656195865172,-3.02869513930909,-3.01222782394662,-2.89314968183049
"2",4.80643410624347,4.65850302487501,4.29308802442217,5.47116023565945,5.3633296151815,5.25000811331524,5.40121624297966,-5.5068080194536,-5.97725747718855,-6.30132729836594,-5.99373192547849,-6.22030991954217,-6.1244702508714,-6.26071898847404,-5.30020126598002,-6.0780019245438,-6.24287331603093,-6.38674417354258,-6.37757625574173,-6.37630220994782,-6.33832171871552
"3",10.7174368514441,10.622150193463,9.89935052261568,11.7204177357904,10.53661064386,11.6769257695147,11.3271532245589,8.08996011547081,8.26900795605656,8.26018212911571,8.23688009805686,8.31671911294086,8.23383927220633,8.30699909280686,9.2331476983801,8.91804412939565,8.95014519990248,8.9148475596546,8.97699022913424,8.92488748742225,8.94306836350231
"4",6.32938840900264,5.98355621248266,6.26397517965458,6.87341662068553,6.52911277907919,6.95746093891631,7.24258165303089,8.66476639812812,7.89419826166417,7.5425934572545,7.85711993208739,7.7035919237969,7.72523709867134,7.70419728920423,5.96393836278562,5.42799953061582,5.44900083769255,5.44314356953238,5.17326829031824,5.51346681770749,5.53782486551038
"5",3.27858640203378,3.48164994608399,3.47561616966593,3.54098303854228,4.0672432840017,3.10534021710367,4.34052024487471,5.95287739498332,5.85037925269595,6.01054694589916,5.76690402131497,5.9164526755248,5.84152974765055,6.09172138577467,7.22187932740163,6.4488896684387,6.41313326042352,6.52054400733087,6.68683672017454,6.51905372140225,6.50535067634065
"6",3.65431281622422,4.08407604542653,0.0364817453108875,3.83706072614517,0.985890395631043,3.55341259549153,0.938706054991164,-0.558622143082383,-0.886019245626934,-1.00244616049455,-1.03688464703227,-1.25439805849148,-1.07885943249028,-0.92753165855098,1.05375950189793,-0.23754984884453,-0.37125763243546,-0.211043139923612,-0.218821896602181,-0.183020212384415,-0.208430003041407
"7",-11.5842565227966,-11.6186838343777,-12.0253578800608,-10.2195694682608,-12.1083072284906,-10.0680909245811,-12.0364568365331,-1.82114289722478,-2.13769316012782,-2.11598475293722,-2.15012690799995,-2.00192792262477,-2.1543674365398,-1.89420994820515,-4.34489863697757,-3.50594490143574,-3.19658803228745,-3.56788181135147,-3.33272876238402,-3.50329578110146,-3.39476325013671
"8",9.77910851612169,9.64642287591869,10.4285683481901,10.1375988055669,10.8451103427319,9.74988663014278,10.1051472407013,7.3430362127386,6.6912180186879,6.9904958275195,6.6707784017878,6.7817706817584,6.42109810260959,6.64432182600726,4.31830109790623,4.23639023135647,4.45177850290263,4.09875264504363,4.37924103092768,4.05360730981546,3.99078165648152
"9",18.110917324431,18.1608157303085,16.1856098780171,18.5985118330106,16.5810305871923,18.4972420181161,17.7886078958483,7.7864997032053,7.07756638509415,6.93152896785238,7.34700142666899,7.36334803174865,7.25509511761792,7.30062951555539,5.15102479978159,4.8927459762353,4.80769215000835,4.86824895865495,4.82887724312214,4.94990044079308,4.94851299071075
"10",3.15036486037876,2.94784042075965,3.76700902656934,3.27564263977852,3.02289885354958,3.09995633030133,4.10177725629054,2.81999028757908,4.15742173135676,4.00578281904662,3.94201829047632,3.80826629785116,3.9832045025528,4.33938690592486,4.342205702509,5.37035785969675,5.16694504897704,5.3245881111794,5.36134977047542,5.32911154872413,5.42851581758937
"11",-2.58628238476375,-2.53637602733734,-1.66789888654774,-2.98097064961087,-1.6240481753928,-2.31970939250647,-2.7267215747119,1.62598329587204,0.96031741018144,1.03455175389092,1.10881034735194,1.38660040045538,1.17480140502448,1.39563319361008,-0.521772194067629,0.155335483560469,0.0976952537783451,0.0477547201655574,0.363535355529671,0.231027576040468,0.181391277458822
"12",3.83558686871672,4.12139297064139,5.3361581216208,2.30172999123565,3.2672654161942,2.72133000012651,3.65080932564703,3.15713630526646,3.06913404553457,3.31749305533481,2.98769166202144,3.20420271491498,2.99227054870815,3.12271835524518,2.75274358377957,3.12123013533369,3.1206782433744,3.12108475854753,3.14482247304822,3.14727990132009,3.14323371134675
"13",-0.372701144573148,-0.61634482733806,0.420506526479418,-1.3603764840697,-1.53595973736676,-1.39560873336395,-1.47795753420738,-0.520176035788658,-0.464957666981212,-0.594344002495321,-0.296736570178656,-0.522374661235989,-0.435008789461085,-0.366548416039614,0.592971690957119,0.0207396236514929,0.106815251193562,0.10261420328143,0.105036058114609,-0.0290946874000351,0.0945400734683043
"14",3.91566691800956,3.88618522237484,4.62793462041123,4.0223570211002,4.74729895792633,3.87724427636662,3.91511985288243,-2.67714101666102,-2.1477877096958,-1.61011940784662,-2.11521715875,-1.64945940516367,-2.01181957163302,-2.06903555396507,-2.80523290681529,-2.10680483558574,-1.69505833942615,-2.12817750084925,-1.95460705742498,-2.02656918796083,-1.80758812193825
"15",0.285665778391703,0.164136226349134,-0.514150836379636,0.359058317857096,-0.376511539456085,0.341944286020478,0.0622664948115924,-1.52317240738417,-1.84050065173796,-2.01075071123046,-1.93704204842158,-1.98436903169923,-1.92947834920368,-1.88082041809545,-2.20570922432123,-2.25896571556053,-2.2519334034023,-2.299327506276,-2.36140591949166,-2.26493588745742,-2.16503507535533
"16",-9.3326553176411,-9.24043322986378,-10.0771675204745,-8.77955443431786,-8.29307897378274,-8.6644197054539,-9.27527463255046,-0.203986198682444,-0.240063350196719,-0.154465711483809,-0.268620977047572,0.0200098151593831,-0.216745567063091,-0.181280727111599,-1.05619261446968,-0.666077357471303,-0.614841337015844,-0.554957598781914,-0.532250774896536,-0.634199628288359,-0.725777409675756
"17",-0.622733656568262,-0.658377469121147,-2.24272240146773,-0.468520341307019,-1.42691687645132,-0.535965568404885,-0.975136913786574,1.84561737558404,1.46668906673744,1.18327114893554,1.48728120825759,1.36589939487561,1.5846454646934,1.45252820531244,1.95507350139417,1.88151834949126,1.66356940201261,1.82714413515833,1.6861637521927,2.02796633065871,1.76850985625789
"18",-4.36202336492301,-4.53016377645273,-4.28455466745336,-4.40552489859762,-4.70961862761412,-4.40284608946011,-3.73650078434375,-4.33312851577091,-4.32556515392468,-4.30290004994184,-4.26179353336458,-4.33370315817379,-4.23785330286187,-4.2354893841389,-3.16563347310736,-3.73089615051043,-3.77138779370481,-3.82850898652393,-3.79828424124731,-3.76728596052032,-3.7488505387249
"19",-2.61020441034359,-2.42744091682982,-2.48681275987375,-2.61562958192863,-1.91493201683585,-2.94521048528092,-2.28252234937982,-1.17158398259598,-0.670845932569232,-0.521131450695096,-0.703809711358642,-0.570512391595031,-0.713991210057521,-0.594063425784818,0.514473786586129,0.357864334993949,0.421890882544386,0.30761886634145,0.349802164586076,0.234041421149747,0.339069349981798
"20",-4.6272088470935,-4.53080450282543,-2.92709310776986,-4.83699334801201,-2.87363016888476,-4.55902275789914,-3.52955846672204,-1.4758146904853,-1.82185433752023,-1.62981941211997,-1.94686648792696,-1.74462210781983,-2.00714938282458,-1.80192189069045,-2.95299473318493,-3.02632020230138,-2.96681020222121,-3.059587895494,-3.00592350718944,-3.0723061547532,-2.93146150115801
"21",-10.4418464044879,-10.7227209712402,-8.86020802240408,-10.621709472418,-9.25295188207306,-10.0568367630284,-10.0415160177488,-9.97791006434566,-9.28782387209163,-8.9824457802825,-8.78425079468206,-8.59782589984419,-8.80951266504479,-8.68016705692706,-9.23413632926789,-9.11920638453247,-8.85416297475753,-8.70650092641585,-8.3733327501508,-8.57683854024902,-8.43997127793688
"22",-3.99345558353514,-3.86571902181637,-5.3148853064484,-3.9565737137277,-5.21025510354987,-4.15412572189981,-4.87646707977443,-0.800234520605708,-0.747619095500663,-0.831943756257707,-0.717806246373934,-0.910626660428131,-0.634356568499186,-0.806229517663739,-0.932754714120055,-0.530704337693251,-0.682505050676292,-0.547583058567603,-0.6626644991595,-0.578562523371435,-0.653703304258906
"23",1.10573132820507,1.20077180728448,1.756790188538,1.54646346665374,1.46273442348292,1.28544499043384,1.2498453496932,4.42488784395803,5.16732156029848,4.87418836014233,5.59653070124309,5.26554111436596,5.49071479027973,5.32391804053578,5.43973746398104,6.03978679460136,5.89885910559446,6.11931175755298,6.08276103766841,6.09785917100177,6.02179804070012
"24",0.944888237828396,0.866409583899137,0.674064114313005,-0.546898304873808,0.144378005644577,-0.473826185264291,-0.501148453007267,0.683014005882,0.145393301307614,0.145725579410728,0.0200732419415361,0.183903852997969,0.0931926609123468,0.104656408883114,-0.755558555455042,-0.76775790355435,-0.914294493129746,-0.883269858834174,-0.883928106624798,-0.684252427555557,-0.819861864544391
"25",-4.69977044482773,-4.42161755903239,-6.18818890814033,-5.17776934772635,-6.61532710208932,-5.13531180029772,-6.2475892404744,-0.986031727137318,-0.872499372141776,-1.03719363533944,-0.884394673974797,-0.894799715569967,-0.901972161623922,-0.963133828079748,-1.32198202912317,-1.26030360947052,-1.24003714284406,-1.248929751896,-1.25113029918657,-1.21304973405359,-1.17490346474541
"26",-1.07324520504765,-1.04175249467458,-0.0644824734547352,-1.09009261004897,-0.187211748563939,-1.26450981482404,-0.70129142650929,0.523933901562063,0.567301648581302,0.965252788018522,0.575339391489474,0.758005970903823,0.485471880447292,0.751533043465515,0.393502430465383,0.565737489134627,0.565354071166245,0.528271272678355,0.610207272451033,0.601717071995454,0.637538067897044
"27",3.34568406882074,3.70497231347964,5.05342685810791,3.06579398493501,4.12003264404039,3.31125042777436,3.83252137791334,4.00800162133484,3.66153124432129,3.81039258183678,3.626594908967,3.96146628773135,3.86481321012369,3.76770427984743,3.83721430608135,3.52835744136502,3.45567462029001,3.35988357195271,3.41424681699785,3.47062902159722,3.31406225662198
"28",-3.87364827786143,-3.98351264228191,-2.81379768355743,-3.73392613373172,-3.01428492497808,-3.84296867022438,-3.05930409025772,-2.84157090077266,-2.71054688027253,-2.40805676674251,-2.67991523706596,-2.45355877545295,-2.93748066802576,-2.57081550790718,-4.19218838272642,-3.63351239065076,-3.52313013501143,-3.5707388028001,-3.58687623984977,-3.73182402634896,-3.68472253096495
"29",-4.68179244619816,-4.66709249813013,-3.04988907296406,-4.5757161697389,-3.65874470587861,-4.64019165758795,-3.32153033274984,-1.40108940298224,-1.1326736231521,-1.25149625487586,-1.20511007660605,-1.20064582567871,-1.08598352308266,-1.06474008039039,-1.07993091941437,-0.718977346004971,-0.693151880457794,-0.734359383577335,-0.783401551723189,-0.682536353698282,-0.77260792123657
"30",-7.73978582620452,-7.56716861510616,-9.30798122536333,-7.37281515466013,-8.28472006105787,-7.56320076085542,-8.56860724229204,-6.1857609640198,-6.15573583064992,-6.20029377432131,-6.17584614088656,-5.91079921321884,-6.09415730792494,-5.97746871647696,-6.58699991655748,-6.49118344859852,-6.4749310636886,-6.5907696406622,-6.53553028525877,-6.54482139848725,-6.45353040413136
"31",-6.70488855046997,-7.11314951318631,-6.34707920852869,-6.64300210153541,-6.61834575742747,-6.97406722455145,-6.06005414696658,-4.18539923765634,-4.12052175694444,-4.31716705331319,-4.77122632236726,-5.13478178062573,-5.06961232075934,-4.9199186527194,-5.0823392071879,-5.17866214386737,-5.21506030218896,-5.24554155016689,-5.24157702302677,-5.23749444632361,-5.1430181053864
"32",-0.430752233461362,-0.496774211558087,-1.1076946442092,0.0422195783812869,-1.31302515630416,-0.122135836856139,-0.905664554749115,0.725544549279554,0.451387109462496,0.490924110707171,0.549927986938395,0.603540981487807,0.533145006254818,0.500847477357739,0.518397128400482,0.422288119418317,0.328364350271175,0.46797165662859,0.436299239060357,0.599462286371871,0.441868010106177
"33",-15.6472355522345,-15.547880425145,-15.2423305301673,-15.5917018455871,-14.9751801224198,-15.7296251694392,-15.8069632535897,-11.2475172629479,-10.951854561704,-10.7986515126507,-11.3890576107941,-11.0704814988661,-11.2260687526221,-11.3214515925494,-9.63705885997255,-9.66880044643573,-9.66415449567804,-9.63074726969927,-9.7560695520848,-9.59324869399851,-9.61304196170126
"34",2.97441465891966,2.64085211896231,0.573570001166269,2.98111048807886,0.413936583073196,2.84309858963245,1.52008093208247,2.89796764633044,3.01953345202972,3.08468226009481,3.26646073867356,3.09694622658293,3.36008967298466,2.97989207503587,3.50053570706887,3.63830290177786,3.6228708567571,3.72404284499252,3.72452725954713,3.78118511336036,3.7312855944871
"35",16.6979851580588,17.1657831651343,19.0735161429631,15.9473907524949,17.6185156950893,15.8519991111621,15.1048638843868,15.1177548914848,13.1348184824889,12.8494829828846,12.8457467620593,12.4283700571621,12.6730970252878,12.4724010213057,13.5626856340735,12.1129362564362,11.9310881136424,11.8663389498993,11.7595965400257,11.9439263551808,11.6680310740873
"36",1.48124182514536,1.63031851342328,1.19950830726712,1.6832957814445,1.6456046673519,1.53982906374516,1.41920795874509,0.149286673062688,-0.35002013299737,-0.507340876815729,-0.267255222864444,-0.448132226017528,-0.338041581100493,-0.402989041995754,-1.05282482722557,-1.20985031829115,-1.45118683467528,-1.25873073435497,-1.47170365196698,-1.27303201469905,-1.41617590809284
"37",-5.0309128343525,-5.07059287204864,-4.59792698618657,-5.13340944532331,-4.6854887480046,-4.91945352298909,-4.59468358224576,-3.62447017920737,-3.2419997077953,-3.08903527089911,-3.18905980046944,-3.0728718428586,-3.29731000868557,-3.08744547600953,-3.65912186182646,-3.21230759023359,-3.09093366321489,-3.17412224807095,-3.11274399670917,-3.24572329636676,-3.22041171285669
"38",-2.49249463889053,-2.60011245534339,-2.32430253911765,-2.49462265493326,-1.842837590269,-2.72139016922555,-2.42987451959528,-3.13734872777001,-3.22218686533863,-2.94546484947106,-3.0680915625987,-2.84540568879479,-3.04401648664781,-2.97327922103567,-3.13420601066457,-3.28171421337274,-3.16278621233946,-3.27227897497667,-3.21083264628575,-3.31466372521728,-3.24618743887916
"39",0.638593374193361,0.759475804866598,1.70396290244506,0.569887767027783,1.67882701409824,0.253667934229755,1.15393622636624,0.699042260614693,0.361333378961802,0.674667441434541,0.355664082944128,0.624157930930874,0.355434193901453,0.500143893658419,0.339518466239882,0.00946817471778973,0.216215572988913,0.0472957595859108,0.105706777429911,-0.0148392158352754,0.0571943695818733
"40",9.57186539298268,9.56918460067221,10.7616321584976,9.90267409262847,10.6033225583471,10.1476290642351,10.9609043061729,6.8080339442585,7.01503802505718,6.90289024978221,6.96710175607314,6.8899890764432,6.99125563584231,6.95246766376628,7.58694351205022,7.61805681856175,7.58970845030276,7.58694082099212,7.59890172115607,7.62146952734506,7.7681635402936
"41",6.71872809394381,6.5998168464792,7.4263370170774,7.18826710398312,8.11009238741345,7.25128956264764,7.90740726166672,7.94586679584077,8.26210195545315,8.58009631419257,8.2350932215328,8.43033888588351,8.22840790035198,8.26475674583126,8.38105674326903,8.19939707862101,8.49699606876028,8.19769927511208,8.45057495069956,8.1658265570081,8.3172644689904
"42",1.40135384059486,1.34291991580791,0.713243038519945,1.31270211973343,0.38229319926521,1.51415834610251,0.215165612929642,2.99460663768767,3.28871001701784,3.10788067744705,3.45299728484611,3.16333410115727,3.29008271368248,3.00817036186805,3.56846602649964,3.6377796410929,3.51013886948001,3.73879328360728,3.68615125252371,3.6752036731925,3.55364076531286
"43",-3.54011841182091,-3.43097212301341,-2.9581569541999,-3.24786190192171,-2.22494540960592,-3.65936667895508,-2.73274315403609,-0.376749607457338,-0.634680864431008,-0.420163447221214,-0.616122783532687,-0.472581296030282,-0.463638012690783,-0.307450000896001,-0.504719134658431,-0.482339223729004,-0.500229087950996,-0.61104459927404,-0.465900421547027,-0.627371371182627,-0.530286359068237
"44",-6.25848499396468,-6.30832115166898,-5.63269513002289,-5.86938343829866,-5.69857185713807,-5.83954560829483,-5.68085341893823,-0.936887805525641,-0.428777879624058,-0.485534221949693,-0.400402718062984,-0.520294028489096,-0.490223660665932,-0.47585006691775,-0.841993083139598,-0.354777727471015,-0.324521162077539,-0.430865407195782,-0.332903229891881,-0.306084007596908,-0.308398202776389
"45",1.67217619324582,1.55148835166893,2.34678287398168,1.34715814692684,1.49230978120907,1.14317118530539,1.28160430044473,0.3801114744725,0.245223527225593,0.179504875364282,-0.006210481865857,0.0575957772779247,0.0431093755251697,-0.0266363398808379,-0.175520593895484,-0.397008043724754,-0.332793993320114,-0.514418725386895,-0.412263466739808,-0.519219509679607,-0.47571144312107
"46",2.34617176223748,2.33289898599812,3.1164035514309,2.40257279626459,3.08032038946235,2.46384901981567,2.64955969703885,3.2335667524815,3.62934479555055,3.69061134347565,3.74083784480146,3.78252710518813,3.68194685382411,3.74018828177531,4.17232206715821,4.27876974261734,4.43470571312944,4.37386627546608,4.52813002233783,4.42376494807557,4.44733684290887
"47",2.24501716888261,2.29204424867407,3.02212499968339,2.15808754984743,3.0040226002948,2.18062338230556,2.69951024455994,2.02562766178273,2.5055780249901,2.60589415142629,2.63382937005363,2.68616605758026,2.6041050997245,2.66543165777099,2.25912182487647,2.55835857391286,2.52260971059116,2.49588918908434,2.50544273661587,2.5211865285819,2.57847337244504
"48",6.93460799492031,6.84742156837986,6.23231611997729,7.06060352384505,6.69709453350394,6.93278794228983,6.92487351314839,4.55792181328099,4.45226718751613,4.44840728162036,4.44053060550056,4.48794152610264,4.4644595165975,4.55395286438041,5.10999501769875,4.9581704249219,4.93403330374382,4.95700765574145,4.95116247438394,4.96168811119896,4.97030020330224
"49",-0.386858847769741,-0.299866367801698,-0.59321184974918,-0.467610914408067,-0.594870271239574,-0.340108648633054,-0.661343880646225,0.97261432660175,0.767549382332687,0.854634192490007,0.860606065821377,0.798054285529923,0.806700664279938,0.650116284105298,0.632530379899348,0.640013609140105,0.736989684398539,0.551983875846565,0.730490888003107,0.694294720821406,0.590332222477067
"50",5.33077971355309,5.44982256378618,4.33643943457108,5.3495202695762,3.80444783188994,5.3129086523336,4.40328425091217,3.47818716507914,3.61383321860231,3.58949365160403,3.45450516807539,3.50371566893833,3.54395182853421,3.5052808318209,3.97264799666107,3.95801928164722,3.95096642395319,3.88696668793739,3.93563521712877,3.95535394688678,3.8737340341089
"51",1.93888897286877,2.12091675931924,1.30357303133695,2.80216569953782,2.2272386181395,2.62189630187853,2.28539839935812,0.724314036059483,0.279842357025986,0.122564481551331,0.240732662435682,0.123662289547065,0.241408408716212,0.236091273973626,-0.168899797564948,-0.442001319679021,-0.640019834662875,-0.464352576041858,-0.588828641853495,-0.56955125962966,-0.574021900959261
"52",2.97338270687911,3.04466077858922,4.25454669129282,3.04377246629348,4.31212162305848,3.02527616369007,3.63698052415158,3.05149082195881,3.14427225364298,3.21894836273922,3.0550223654626,3.11064213758291,2.99431819363309,3.07840774611948,2.85822127188863,2.67356914823717,2.71995429043942,2.7109937647072,2.64180474474203,2.62920846880674,2.67735534174454
"53",1.06463550024183,1.1606134707906,0.01066805708083,1.10363559685663,-0.0694398218403278,1.19947038396427,0.867956257121412,-0.567233548547941,-0.229351754925644,-0.192262001335376,-0.285724877219492,-0.259265945480811,-0.346655877574686,-0.293467638021478,0.123778943228056,0.267517087370451,0.427972677373132,0.278154382638431,0.399936759245965,0.288525861695211,0.356485973725734
"54",0.740739502877358,0.620934612500615,1.03492871607331,0.978322502501072,1.01772224540808,1.05677957346059,1.16629178902823,2.16604293882561,1.70365189801914,1.73050297968766,1.75794947186566,1.77368502847711,1.8043895127484,1.82752721847442,2.18731461774583,1.66297972999769,1.72226613487784,1.72360705375888,1.71216064571627,1.6948445833013,1.71303980287588
"55",-6.21958533684075,-6.15356886523236,-5.42310122407493,-6.78048612060518,-5.61258890136484,-6.89639944183024,-6.17236561438964,-5.72214213909919,-5.71266870401988,-5.7249232741077,-5.71498165464577,-5.46951795751851,-5.74195092049358,-5.38457574396182,-6.15760755151019,-5.79626760532995,-5.81925959450658,-5.85470761006619,-5.8394891731335,-5.89086132745967,-5.78340406921526
"56",2.19321119582966,2.23081957823473,2.32659051916061,2.31778416840348,2.60160347977563,2.05990740434946,2.27138974041527,1.00924666081128,0.752154457326206,0.656425264775826,0.714700987966121,0.676443663738214,0.669550352569316,0.647033891306567,0.689938309070041,0.587742154318014,0.510769421553941,0.523581686403164,0.529101247709184,0.548234396064629,0.556996337442193
"57",1.36024396394342,1.4628717280029,1.2559188124756,1.31141133445451,1.16273611126798,1.42995937037338,1.38601911683589,-0.438946122908456,-0.0656475444765367,-0.0241684117632966,-0.149956255959618,-0.0943836217824808,-0.0771334220365676,-0.0440136971115856,-0.212429946611082,0.136346693550086,0.175171472267339,0.19273947452512,0.305431212689424,0.139334078351364,0.248196481428797
"58",0.0809724974840589,-0.130094134492767,-0.505916852089237,-0.88254929816076,-2.16854243517028,-0.631053820518449,-1.4912994752991,0.259685457161352,0.500754087111989,0.494288505038353,0.178653106199878,0.498603086577864,0.164122908904568,0.25259845205994,0.121453489038795,0.181205554039179,0.103443527803655,0.00716781850462634,0.134952693578526,0.0655034350084256,0.201402715600172
"59",2.79898531777834,2.79775428156522,2.11842714046161,2.76787040798642,2.0619524772341,2.73876069329034,2.42565184956354,4.13010080586846,4.02476857185176,4.00388000366447,3.84963897515666,3.86441554826847,3.816379066079,3.91239332545345,4.21163057294342,4.18708676387877,4.11611592935036,4.06882057825333,4.06320661866959,4.10535659618197,4.14445312176478
"60",5.08577870082837,5.0007447280907,5.4345209789787,5.44249333253903,5.64241808768855,5.22669039274316,5.59446735882437,4.92004468901803,4.92020987541911,4.76614878437229,4.9512027366228,4.93348610876754,5.0040151420103,5.05095803886313,4.95494173792851,4.80995963043607,4.65313943248144,4.9128767308059,4.86872743512179,4.91365773681907,4.90887155235443
"61",2.4402162391449,2.45335099307411,2.22865357548379,1.80592341558372,1.80767196350441,1.78813623445125,1.52015950704825,1.17856771621883,0.767844524201993,0.693584034887683,0.435577423648337,0.532366986536636,0.477153978611119,0.512398065923065,-0.0807111006403327,0.016352530070655,0.011149546011659,-0.171884226183364,-0.174106513881031,-0.118138167282233,-0.154180385774637
"62",3.72297364135789,3.68005607064348,3.49566429092839,2.73562301121381,2.98166322351151,2.68922880744334,2.90088461597356,2.31889187175571,2.27717811464566,2.32970867025985,2.16341559809217,2.30112892911742,2.21338806603061,2.1978647711747,2.32081542801806,2.30782831259604,2.25772927647445,2.1372495897903,2.05775616716303,2.15095926202155,2.03683630483909
"63",-0.762736715205585,-0.698020574467599,-1.62417339101767,-2.73691331381765,-3.29620093345405,-2.70482999873453,-3.10654605188539,-2.60468620149722,-2.37059958030534,-2.39592852625098,-3.51566748591126,-3.41952170092494,-3.59149764838713,-3.30808949254522,-2.98285352580814,-2.53542054468205,-2.47529293901235,-3.23510487846834,-3.2027141944036,-3.24836806849912,-3.23741356101051
"64",-0.779393556095723,-0.709243039046972,-0.590596271952197,-1.10289490987524,-0.551468723812452,-0.833262036219347,-1.07381920771992,-0.713587971622401,-0.450072138968716,-0.076284144001921,-0.423968993769552,-0.139051078417276,-0.44566739179286,-0.396344032190365,-1.23546814172583,-0.869058540683296,-0.754616242229695,-0.689102372861743,-0.660565118778506,-0.67397345928681,-0.721451314208704
"65",-3.1233127811607,-3.11634145133679,-2.65605035433939,-2.09261719777029,-2.2078952254203,-2.27866778917644,-2.55513010926645,-0.16764606906045,0.191582393057631,0.19451354382247,0.571429378665432,0.511907415751338,0.602840830353552,0.529621669908426,0.377660907218565,0.712533658090431,0.752865403289169,0.676082529321411,0.682753646703797,0.682110032639838,0.668286778372861
"66",-4.0808561762944,-4.09911524117877,-3.63821173099969,-3.94100381213018,-3.38813298352864,-4.13593907460972,-3.40279913482205,-1.00186293119601,-1.26865613533042,-1.19631127690856,-1.7861771075886,-1.4894668027399,-1.7338561376318,-1.58843387773696,-1.85042482139564,-1.65761484682573,-1.77170928356942,-1.91640408837504,-1.9384781641868,-1.95936176699394,-1.98541454813552
"67",2.22948278499377,2.16859839995144,1.99964485362347,2.1556693109361,1.88296422816099,2.09851151802199,2.19229660665429,2.74481068088595,2.84410740704447,2.93930610777549,2.94197595935561,3.04300376493523,2.98546757961261,3.0080227825521,2.72508755022494,2.94649679333257,2.98567018181777,2.99558977805774,3.01373133922267,2.97353300336002,2.94096069897052
"68",1.09599656531707,1.2532225358102,0.998610892591938,1.04590614733546,1.0504899759296,1.29450031540957,0.985898914395194,-1.66119727023886,-1.73988733252843,-1.63286403764638,-1.77173572314851,-1.62633990877225,-1.73581872382829,-1.6486956249786,-2.28055823807039,-2.12262031854183,-2.14957860955726,-2.17805795417893,-2.13632518556525,-2.09922211141315,-2.10442186115953
"69",3.35235844608489,3.42040786813464,3.29349923275972,3.26671575926459,3.13717142899459,3.26399485882128,3.25835260193627,1.81547545067356,1.54281039632993,1.81303976688267,1.82210757205456,2.07214189638889,1.8602991933251,2.02689513335268,0.835708405469987,1.20057160884032,1.20485198198782,1.2490716402411,1.27803150576436,1.25890420869359,1.34803057247542
"70",-0.811448313853856,-0.775925079542399,-0.997823175144853,-0.778555362855902,-1.04742093459413,-0.845479742881546,-1.28132141627904,-1.85859003285229,-1.92531971264377,-2.17842200802714,-1.98477971838278,-2.20216164663473,-2.054950983205,-2.2248230883729,-1.00147746421118,-1.22485681063736,-1.37075999285615,-1.59429555495142,-1.67594103596376,-1.60757190387283,-1.63164524880494
"71",2.07098062932274,2.04458665704771,2.72156565117906,3.16835904294741,3.80534118412463,3.15424300693769,3.30066458330498,0.175144943928271,0.37602993810669,0.450451666929485,0.30421011077467,0.384365120583967,0.306320801703636,0.429007377966677,0.804564966531618,0.88205314027128,0.895845183696416,0.855434243117299,0.887340035514559,0.871842718227723,0.882889757371593
"72",1.49490809149395,1.41478309202086,1.31482755282694,0.562124051826446,0.56577538518353,0.538351297008823,0.25469286103896,0.44665785039982,0.406228053694913,0.590266073468544,0.428739879644533,0.568769025398853,0.403534979284658,0.416587590334282,0.0701559538550069,0.552919127161015,0.577895745816584,0.447577202394706,0.533196592857945,0.522565310955518,0.451063194402545
"73",-6.72113120162078,-6.70403829541014,-6.6047095378374,-5.41779327317872,-5.29184288804084,-4.95623583666334,-6.07906626324119,-2.12285674871666,-1.32587538694988,-1.47416027497238,-1.18913818001603,-1.40416383892563,-1.32978406467549,-1.4110506874946,-1.90678560516739,-1.12073423957052,-1.04633456795857,-1.04321684161827,-0.963900611517918,-0.944348346914514,-0.995716022055105
"74",3.16322835995462,3.10938220155002,3.38484162337232,3.1662827310208,3.09941124432976,3.09890186127366,3.21469312250128,2.65576841016855,2.52226925680698,2.44346080039742,2.45913413125109,2.38946935678971,2.4827888020152,2.36805093558031,3.00883857349096,2.72946030232918,2.72296176333499,2.70611941891142,2.7054673848338,2.66994777455121,2.6998232820359
"75",-1.35098250213039,-1.44581286935549,-1.06771246395925,-0.811316170887262,-0.472513379669303,-0.920949154356146,-0.896314094488419,0.0849781043817759,0.419617787609915,0.300258223588788,0.527191620241605,0.414023404904864,0.47403985954474,0.361042147860633,0.34178444961946,0.686195947932925,0.730214092319077,0.632084947600541,0.731535625810016,0.660480582934947,0.789896892193789
"76",9.09734561090935,9.10571894325822,9.06677391406597,11.63352514432,11.0834920359791,11.6197640095425,11.4285070497031,2.34693852226041,2.61889117361029,2.60113500294512,2.5740513729348,2.56712837301991,2.59195578591485,2.57092186411991,2.24815240037609,2.54182473308551,2.58197915381112,2.60247224873832,2.60115787345456,2.61152237249155,2.52907107466112
"77",0.581550169289602,0.583199041670699,0.384261777342145,1.03509250548616,1.0067257799481,0.753986180563625,1.35841504495251,1.65417490820586,1.47813127901556,0.9703724597093,1.44301013763087,1.13435432943291,1.47228057594535,1.20727183349507,-0.154804781719608,0.020587770799662,0.00379029047343235,0.159967493801936,0.0599854326356289,0.103372177242498,0.142807382600292
"78",-0.760300046579673,-0.757241855516324,-1.10951327150548,-0.801882083625957,-0.842507308903192,-0.886067998747339,-1.24531453351245,-1.04485740783941,-0.953063452167534,-0.889052254857527,-0.880925519155274,-0.835723501788489,-0.890421326226144,-0.950246184231275,-1.85226618065361,-1.33482841602368,-1.24995911374666,-1.29632758001855,-1.23225160743638,-1.2594969389946,-1.23403946479619
"79",-0.199244319376102,-0.280426700191018,0.118447052582928,-0.0470401172600754,0.492438886827169,0.0984548877658942,0.657732970060096,0.700317902339051,0.435749072774335,0.450889252747095,0.387740194636898,0.441864991158697,0.372829751535173,0.586374962682046,0.580949034443288,0.438702824554541,0.317742228666735,0.359747445332376,0.302830617286614,0.387387573258442,0.37373477004452
"80",1.40622896283471,1.42477625925912,1.92281504859569,1.77246939827728,2.223967803679,1.72559522032234,1.2789813657456,3.02538733991418,2.98588190145718,2.91568729914204,3.02247170141139,2.97016890160315,3.05819062840821,2.89380550097799,2.92798032078286,2.679801709038,2.66286392897774,2.73999457232267,2.6537501902482,2.67024616190307,2.67716546943417
"81",-2.80448195105178,-2.74575947627481,-2.76811373397073,-2.48286927602588,-2.27843035148541,-2.52730879716732,-2.41050247438376,-1.55183929792856,-0.757522009057024,-0.560713637232652,-0.715635751174658,-0.635422803828227,-0.692594855460777,-0.746299721896743,-0.985776858999469,-0.47719843210311,-0.218748636925169,-0.24377237528186,-0.0491982884091106,-0.176232733467749,-0.152406313484177
"82",0.326030359817123,0.313839380654623,0.803109216538605,0.187450656820551,0.998531453823786,0.190292901306017,0.299182314867704,2.29320183167903,2.28018247388405,2.32016493339901,2.30046061301465,2.35924460178813,2.28907937897082,2.3030088802918,3.21948548711868,2.97706534091196,2.97223138003222,2.97083843926248,2.93869407130186,2.98891655640996,2.92630318670421
"83",0.78621658189023,0.819690744837895,0.709569877045291,1.03270540172696,0.76436092715492,0.954747151763545,0.703078585050361,-0.429687782487875,-0.256631315481103,-0.103185022496799,-0.315466151114222,-0.141759981287542,-0.330254958811371,-0.190648725127011,-0.442453174106292,-0.27080055842809,-0.215305995170355,-0.271941306990153,-0.256736723437079,-0.341394316691398,-0.28561321410085
"84",-0.337214513074991,-0.228355779940483,-0.42416347911096,-0.364316510726458,-0.200640076777978,-0.382752398299794,-0.335424359269661,1.01480952464205,0.979326694585255,0.894559235917986,0.976907232700267,0.889962856625929,0.970632341559725,1.01364740571495,1.36500022280751,1.23376422833581,1.24301792591399,1.19004892777619,1.30067048340352,1.20581639522394,1.29830068325443
"85",0.68100217230689,0.502185555656164,1.15364722262531,0.615307894634857,0.743287530613072,0.645305006655942,0.877685356136106,1.86128237302805,1.92283725787686,2.09841875120439,1.92835185303219,2.15795471474756,1.83008604271964,2.06043734593878,2.6070565681543,2.57279338145899,2.67882821793689,2.54098039026671,2.61186250177512,2.50812139286611,2.66585958759144
"86",-0.532195390753806,-0.633699896674996,-0.232052447540259,-0.289196125462567,-0.293691450433082,-0.222392002262657,-0.328023746223341,0.30305239743503,0.0873019288623545,0.247398577230166,0.135244599970963,0.221019220037644,0.167892745779272,0.133400995934502,-0.316611459955826,-0.281648308458534,-0.279127411033954,-0.292627782386556,-0.290166527985635,-0.286410460720371,-0.305144259484027
"87",0.965382276608107,0.86845659032641,0.973873061468789,0.164808793299593,0.34385350036499,0.133708098672258,0.347139229029271,1.88487567475608,1.97664956973118,2.13609348713343,1.7743791579138,1.96462182455043,1.84951973561334,1.96614827471923,1.30327558549404,1.46647638072365,1.57324848086736,1.36864547376569,1.47570744795551,1.36341127907331,1.49247481097007
"88",1.6961009038921,1.6862221537708,1.42700472446556,2.11766728609111,1.56758045005741,1.96785045500675,1.85423451413733,3.10672310071656,3.04804740662041,2.90447064405675,3.17326395437894,3.02214607364329,3.17971800015449,2.97671217575145,3.27437826692471,3.04842167515549,3.13583637392708,3.14699763481986,3.23846078571215,3.21638544768041,3.14579559232571
"89",0.37584970937744,0.500963227404743,0.134512556721365,0.328194425758824,0.155186046691134,0.345721454291808,0.267567490077639,0.285110453675345,0.867947986835436,0.940305893994901,0.805638214343669,0.84802734496559,0.717132617596224,0.84371345177433,0.69428200723549,0.899692705230417,1.01363319633914,0.862902818851761,0.957225805911267,0.811918673525507,0.844827894035203
"90",-3.52743451949816,-3.54853985172139,-3.40841488310411,-4.16558119311343,-4.12311198615954,-4.27810193084352,-4.22213633501708,-2.65826462228051,-2.67510994604224,-2.49708245458296,-2.82951093737869,-2.70450845309106,-2.86525708769143,-2.7539680906497,-2.37665685071237,-2.2054773321662,-2.20350145643571,-2.48066266649503,-2.45965861361869,-2.4356422869997,-2.46023886152701
"91",0.297638311859285,0.316172741317888,-0.374062399445696,0.360586062569699,-0.567112585138637,0.580859582868679,0.085841979443919,-2.97802230885443,-3.08315493701212,-3.02627239604208,-2.38671129415369,-2.50582835016161,-2.57219167343215,-2.59160152514535,-2.99074036631901,-3.00466898832534,-2.90945182127191,-2.88113992696449,-2.80468391894641,-2.91538242400814,-2.88851238292113
"92",5.82863418726465,6.00793904036405,6.87429915632495,6.22029194440982,6.98875662010794,6.19947845974642,6.8427428208122,2.45187761857539,2.33366935923543,2.32031633804639,2.27090980208659,2.44401134449793,2.22523155007027,2.40013392687915,2.28823734419224,2.0948726722816,2.08144801104418,2.0781255524917,2.12528036478534,2.06731501514396,2.11287475110743
"93",2.30170880189631,2.30620286519855,2.02170990659122,2.17728209834578,2.09922396826956,2.1693729429756,2.11686001304553,3.60709993806429,3.26535604338752,3.01722203728747,2.70295399450774,2.48615305020959,2.72069088250123,2.43887763029504,2.1788047740933,2.25555450647604,2.31549450901463,2.25097571853143,2.27417284986795,2.22790441446345,2.1150799354931
"94",1.54661159734808,1.40338931638988,1.43074614642705,1.46381478254799,1.55339705953377,1.67469542247837,1.84998763227062,1.23202024696487,0.978153931376681,1.14123035950887,0.952773981288104,1.10066991805565,0.916379791607666,1.18323522750554,0.18534418060595,0.18391283447265,0.0743149561057985,0.191602782748821,0.116320466898393,0.0770689561997224,0.282008399877005
"95",1.43103846306556,1.55421226528061,1.67130903810213,3.06757196207811,3.61048079032289,3.2338434190015,3.34359562104327,-0.412348053022396,-0.403446301412922,-0.253280571289843,0.744221650412679,0.717145741936413,0.751868716430241,0.572192153574639,-1.30053164514551,-1.2022391906196,-1.01673046407212,-0.731050950218566,-0.764220279216403,-0.694594347091989,-0.803988049004331
"96",-4.63996355901296,-4.72894530306643,-4.32274205435767,-4.76779522312981,-4.4026499001487,-4.70372931773643,-4.38004829525603,-2.01531172936818,-1.85780602158215,-1.91038552178101,-1.90964683296205,-2.02388898261094,-1.96941973004885,-2.02118277611305,-2.02828120716131,-1.80233314672452,-1.90761030071815,-1.89127359565563,-2.02205098466327,-2.02655222333754,-2.01258833680833
"97",-6.91485166857599,-7.03648928106001,-7.40336120038356,-7.09628434016402,-7.33664140987148,-7.04106267492163,-6.73065761116532,-6.77341777469262,-6.51676948818567,-6.4583866348786,-6.42940633736984,-6.53038711222473,-6.37801625877913,-6.46498192278128,-6.5570982937884,-5.93641182889591,-5.91170641357436,-5.87310692998061,-5.92118511126525,-5.86079962064177,-5.84280506195433
"98",-0.0233437377057166,0.0959247894069165,-0.236607246667908,-0.173691646569614,-0.116255472693306,0.250703308988706,-0.214765082252287,-0.94949422675424,-0.737869346308343,-0.847358977508229,-0.432414701443591,-0.555366897311276,-0.433994921223811,-0.474510289400029,0.337374703718398,-0.0831609996881391,-0.0562318805801401,-0.060348366770356,0.0121421899237399,-0.103005680413668,-0.00479662685157359
"99",1.42533162311893,1.37624074560384,0.248069960967856,1.86663410847257,0.687864399485935,1.66301880630983,0.985413290254656,2.58751345364529,2.4889218085821,2.17562913368664,2.71016980541492,2.44178308826743,2.68678282158663,2.4529129441584,2.15965959782247,1.7148503281707,1.46583354181438,1.85838686966003,1.50102416083228,1.7743604798714,1.50829196133904
"100",5.38395782838723,5.22524016995956,5.95534880713599,6.34113197772936,6.45486753916786,6.27292279499132,6.03471381126231,4.53286422726232,4.34900692072279,4.43418226726028,4.32160747154772,4.34275742692181,4.27395277088893,4.32939661101452,3.51904560963329,3.77755918414218,3.82929415043428,4.01505483642383,3.90379363659939,3.98478761955147,3.94529194376547
"101",6.24694640771781,6.13772525891519,6.43094963631193,6.63473291865792,7.03254846173587,6.80204760197666,6.42521332830935,3.97260031594711,3.30829458533724,3.3959176100123,3.26884711233199,3.35501678569168,3.30124432811216,3.32485809617325,2.69115363567905,2.25863248364369,2.24451700976705,2.31428344543822,2.4485414911883,2.24805028028248,2.36784762397421
"102",-4.58000135705682,-4.30833231982472,-1.90310602470073,-4.36081639979375,-3.71282034634808,-4.48430322604776,-3.81838158961538,-6.57510238023668,-6.82741815842344,-6.96166833991901,-6.87016536023027,-6.93409071637855,-6.91227526204978,-6.9347301328991,-7.4285052228211,-8.02818581076555,-8.07448216349404,-7.95646216111425,-8.06067989157421,-8.02270778089173,-8.09393490791752
"103",-5.25158829483378,-5.26090836202426,-5.04376882664891,-5.03077005156657,-5.2642659874106,-5.26794915547472,-5.39815072809303,-1.52006068703595,-1.12327911591554,-0.779950526885173,-1.02340916804416,-0.877098115131668,-0.918108310526086,-0.848590671469499,-0.10922112538639,-0.0260882387401596,0.128008622302737,0.0487552987134923,0.219769909731086,-0.0164663368168832,0.166454061404155
"104",3.49103100442318,3.5583953516619,3.77560158836321,2.14392227396923,2.55671264822863,2.23999684760331,1.86897480949537,2.13965073422159,2.15117315820668,2.13687810044961,2.21198584039054,2.09041579173677,2.22403643715902,2.1450330160668,2.04977992204131,2.12621407201559,2.07448552205227,2.18019969605976,2.12626243799561,2.16855106340741,2.17789298925958
"105",-10.4481344302366,-10.7848808245888,-9.61082769512743,-11.0856676919937,-9.52929772481184,-10.9794119472428,-11.1405477751925,-5.58666337924811,-5.04470370876252,-5.47707555348305,-5.47477393556061,-5.72040816606337,-5.7030723892623,-5.86435325815288,-4.46997539141707,-5.14600569352581,-5.05424249576927,-5.31749100527364,-5.38206485352522,-5.33162023317471,-5.42640727296617
"106",-10.9387727996623,-11.1441090717275,-13.4102724583859,-11.1517895910502,-14.6402149944033,-10.8397601528063,-12.3502731157986,-11.3556672614664,-11.9049520379807,-12.2891784498983,-12.3805061153693,-12.9329692790482,-12.5936918785477,-12.7898757381956,-12.2998852609839,-12.6372515223361,-12.9560632702002,-13.1282695339113,-13.2916344647234,-13.0962973020003,-13.1825675865947
"107",-10.5138838598023,-10.6795915286796,-10.2422415245569,-10.848662881239,-11.9033962320154,-11.0151163257885,-10.8152026722122,-4.89734039960292,-5.42713599164301,-5.3622498715291,-5.31323044389047,-5.70677909040085,-5.37887745463666,-5.6119492080611,-5.01767325105029,-5.58475884569581,-5.75968620827531,-5.74142398211882,-5.80175319310353,-5.74276748164238,-5.59861924405839
"108",-1.16381473787283,-1.46864796150948,-0.845839273749157,-0.610403444862453,-3.15865698077826,-0.929161362458986,-3.1502606165276,-1.70321475739015,-0.87205217144024,-0.180241940789341,-0.657141542978543,-0.375169638552499,-0.636893446386575,-0.412092501246855,1.35461423937353,1.47120007338995,1.67417992083597,1.68991327307339,1.81857141026687,1.80576898307274,1.72267515824221
"109",1.99724912038805,2.13935240825971,1.78570041991536,1.86300132144777,1.42699676386956,1.39982098806557,1.18530588882534,-1.75923969109368,-2.1946790093832,-2.43443773649627,-2.26554241104997,-2.30410061485352,-2.20521640713591,-2.23733896657817,-2.68181573745334,-2.99911677582742,-3.05424265460209,-2.98382655365965,-3.00241447608937,-2.99166836707543,-2.99110104711593
"110",-6.79040841052655,-6.84001361079561,-7.73691079970718,-7.1485553908296,-6.96105435788071,-7.40349473925936,-7.14192799968611,-10.3158399611272,-10.5813293960896,-10.8641402938829,-10.3033967287729,-10.6154056393611,-10.2885896055492,-10.5232830404762,-10.199651767403,-10.6664968875981,-10.8500189839221,-10.6540243824243,-10.8040214543183,-10.633746601806,-10.7254657438104
"111",-3.31369148584666,-3.04768181625265,-2.51201459106974,-2.74695246051402,-2.37244059270761,-3.32233269994518,-3.66465320147673,2.71544153779348,3.03155450033106,4.00701741913471,2.9986950212088,3.66263073470913,3.04439339729744,3.42345710816777,4.34743803544515,4.66341345125006,5.04460997541743,4.58495240455128,4.73608334061313,4.61184348992832,4.76576790441511
"112",-24.0199259292673,-24.6578420955099,-17.9799266382682,-23.0768661885283,-23.2688334279623,-21.6701242525494,-20.865331099773,3.40331881604791,3.90185372553248,4.68309539636332,4.14350202637945,4.65001364504293,4.13483505303352,4.27541018207375,3.40587323220891,4.26385959997424,5.07877222971317,4.22811123174824,4.66287468776883,4.23258980520178,4.43139841960495
"113",3.91312058941462,3.83185262174209,5.69872724235913,3.89740823492354,5.33880656648899,3.87858799836757,4.58900325818295,4.34798417585072,4.14727189093567,4.22385610210472,4.15612311366235,4.19899177174709,4.14696440841604,4.11844126795972,4.03941262549566,4.17301495796184,4.17515695230232,4.1390266008682,4.1804632667921,4.09623498703812,4.10587789377815
"114",8.60334069599596,8.64631748539931,9.65024907960384,8.99339114741985,9.2415214382976,8.72596523436163,8.53390946176518,4.57688153966821,4.38766498280288,4.41604355900542,4.36367261921542,4.24376487442741,4.38587151263819,4.31611916473575,3.75384573760663,3.81108604170289,3.86103033803376,3.82553454022246,3.73141482585195,3.87674680418404,3.69748447422216
"115",10.8412276383946,11.0509274998632,8.91928013455022,10.4249188286005,9.50416960719712,10.3830807330479,10.1678481037328,8.38022316750895,7.9207195398393,7.86264944357156,7.71378674662677,7.64367304082334,7.64877594349788,7.74508639924249,6.77863843264482,6.67570321796117,6.81994787276102,6.56615175627092,6.64918596310788,6.65309359768002,6.72619359883428
"116",-14.278309027286,-13.5040820177594,-15.6818099955972,-12.7286201734711,-8.80406290427643,-11.8756851406712,-11.397293633054,0.204452788940888,0.831251342304236,1.16406844423535,0.902219050125414,1.34112797649223,0.918120847014893,1.086572462427,0.734517647009264,1.12648200798891,1.38782695206298,1.19294725269721,1.45605854114817,1.20027605303989,1.38981418973699
"117",2.55223320051079,2.69462247908372,1.70784844656049,2.34331383806951,1.05733167148982,2.53769355123494,1.99684088810787,2.59014993062828,2.39099359684776,2.56650875161252,2.39346989313376,2.51147810866517,2.52206855305307,2.5058081005041,1.41726853134804,1.6949381996631,1.79058173276142,1.68309339316622,1.77682707348053,1.70238924792442,1.80407566436242
"118",3.29582266081058,3.30474079615726,2.21007226239053,3.34460467951284,2.80101925698116,3.67068793833665,2.27560026732331,2.79357367997316,2.41404538998797,2.32187195519754,2.39184656058617,2.21407744670393,2.40848775766815,2.28429191497675,1.56804152167765,1.59850737114305,1.54124136520231,1.66229017332155,1.54068660747483,1.61971419488801,1.54843097169473
"119",4.98900338178737,5.03837866858732,5.58336930400756,4.61257214214328,6.01417175522429,5.02697936286353,4.85862322122505,4.64643055162119,4.38230968911263,4.52919293869383,4.40422720092569,4.47327156928605,4.58415188671081,4.39910814061351,4.39076099499197,4.54837460614078,4.68021769373369,4.54397934643779,4.53958821674783,4.48400990395965,4.53680912404318
"120",0.25914596778007,0.17381487602379,1.30999380879242,0.0125386566779204,0.555666009290404,-0.117061708032968,0.266893701014957,1.17529377791696,1.06140270717168,1.20090604566789,0.975941105953694,1.04021498418402,1.11173125272555,0.896514342429175,1.80050956589845,1.55126610348091,1.57288226848223,1.40051655907422,1.30589370005878,1.41097432205185,1.26604997429832
"121",2.87910922368093,2.74507155888776,0.599754012279678,3.27473036760966,0.923069777880081,2.74462808490415,1.49686874352591,-1.04578388575607,-0.940613177846687,-1.09693879321448,-0.749751335691976,-0.831608854929957,-0.853074137856029,-0.962049232821997,-0.651088003458478,-0.967609096230588,-1.0550102429555,-0.939036544458591,-1.08403001468684,-0.934232732611259,-0.933507906090109
"122",-4.13046327404157,-3.92803142730285,-2.36539224505204,-3.70471236593066,-2.55474703666396,-3.95686770454862,-2.36312141038308,2.30634534149973,2.09904992761008,2.13443251941257,2.31283871353989,2.33022769013121,2.10815379596441,2.27157962092462,1.74170676375912,1.64661417834425,1.70215112430765,1.65268742695788,1.67227426224132,1.66067913851863,1.71376169017844
"123",2.23796827860474,2.27206237311469,3.17100714995462,1.79929873221028,2.4817129300611,1.68393903406314,1.96398586969241,2.26938725622016,2.37063385190393,2.80568651831569,1.88746656706053,2.23145963188277,1.79276828483413,1.97557181027911,3.12267469212702,3.42440011985937,3.51675072911593,3.33167028802454,3.44640762838799,3.32227643507822,3.3876274971092
"124",-0.678704841574093,-0.896928820532259,-1.42889083532991,-0.104292673090835,-0.674211923163397,-0.0976977393045662,-1.03783394341515,1.47182055075321,1.28642278589167,1.34047742205461,1.16156841645547,1.2273575595732,1.09515331469858,1.17829815061352,1.2235085271621,1.12068036209455,1.09592964073646,1.18576657536346,1.12335578736067,1.21435231424251,1.25127931186281
"125",-0.611040402714839,-0.523427294281895,-0.132972489550393,-0.65714286969969,-0.304650184605474,-0.558131911161729,-0.186034802952703,-3.6024351772456,-3.79319878708897,-3.85243271714054,-3.82467728139815,-3.83072282744118,-3.77510060451091,-3.84167114804311,-4.28282877030461,-4.43974513503987,-4.54922940269204,-4.38773255682244,-4.4917207217109,-4.39550335027257,-4.46963534180088
"126",-2.96065314310066,-2.86692560384714,-1.46865671737779,-2.8750428072727,-1.76716571727149,-2.87743098313694,-1.76578142798818,-0.440698304095201,-0.511702393232226,-0.690604004952233,-0.497442983259805,-0.48446920708248,-0.565303599999879,-0.48583566469188,-0.790310171093645,-0.84820215739773,-0.959798905285044,-0.864863230883606,-0.918711628051023,-0.860825328918192,-0.822995431881175
"127",0.134615019579928,0.169954629302139,1.22095762916072,0.0758672563419619,1.05975797068353,0.206978724106405,1.38095928888303,2.08420736984425,2.16613708761887,2.20509553574584,2.09373744067237,2.34742185152707,2.05351702587326,2.18692870692032,3.39534312116843,3.36967210353009,3.45293438357688,3.44201783895625,3.50412906807205,3.46708098454589,3.47308394386419
"128",7.11746466517531,7.06221484047261,6.68366601388955,9.61376752601017,10.0181647589867,9.71098584938219,10.0586796782969,2.74981026710712,2.2230387772826,2.04734202729133,2.35219434847807,2.26110508020251,2.41616456309184,2.3729269439618,1.18313025525019,0.669284452805373,0.486959734187605,0.709751986237011,0.63104980679763,0.707054921041817,0.702830720467273
"129",3.85861271268827,3.91873583054479,3.49964776356053,3.77166985842219,2.75280302579514,3.86954792350284,3.28429143656873,3.82888012475732,3.99551334062306,4.04340079545477,3.93742950433527,3.99033119725006,3.94235914984815,3.94526905316404,3.74327263486564,4.33258184331569,4.38037306621271,4.17775812866969,4.31485184395084,4.23466681154833,4.25360265835767
"130",1.45171199482964,1.51711042601225,1.48292913329361,1.37874116273358,1.31681321597159,1.25516415563445,1.11201137840919,2.09420640177365,2.13997107662203,2.06959273185327,2.06036469021397,1.973519133339,2.05334918958727,1.92897500491385,1.38354839014679,1.4564337042194,1.46423707647559,1.4906610447228,1.41795428878304,1.4903086529731,1.41870610881998
"131",-2.06898677108765,-2.15157917992364,-2.79560042094178,-2.16271015245299,-2.74216495335402,-2.16418251946667,-2.83222691133193,-3.27854594477464,-3.24382823395593,-3.23148520031326,-3.19392558271709,-3.36903019669321,-3.3766176315478,-3.24318007002476,-2.63154435206044,-2.49930046803499,-2.55718797884065,-2.50548411760505,-2.55556473701781,-2.52219173261202,-2.50538301621796
"132",1.21124412868403,1.19641291399545,2.63242798726181,0.95446679664226,1.76898350841866,0.942818243604934,1.84300826329146,1.13417713225484,1.51127841012916,1.63264375140883,1.57961618533819,1.60189473299828,1.52743187669147,1.58426324094421,2.24948393871189,2.45297466057423,2.46477158425357,2.45969407263312,2.45895384262284,2.45092874449929,2.4424940098054
"133",-2.8068202211098,-2.65566031440661,-1.91407848132016,-3.4295244371203,-2.61614354911232,-3.18837323402473,-2.47454896575407,-0.313118345111042,-0.269956622433348,-0.220905158689088,-0.18944990511848,-0.205780836102517,-0.209332796607415,-0.277515283632983,-0.188809193764881,-0.115145240587839,-0.148903068672045,-0.0678195600878271,-0.0826572129013738,-0.0608501813938054,-0.11951066818504
"134",5.63426300353597,5.67182909724354,5.42135935181962,5.65298547468837,5.22437918560344,5.59327439088423,5.50602940033649,6.77825491201535,6.83659022604513,6.73636173736209,6.83715482024549,6.836891712424,6.87523297315666,6.80671895273897,5.93416260246243,5.981469240112,6.01716616403778,6.01555368880682,6.05992587200652,5.97874075808396,6.059254836425
"135",-0.590597295691804,-0.477862979286542,-1.01690732509681,-0.528321002690295,-0.444654827115819,-0.645928028055399,-0.607713529808782,-0.280155544748847,-0.167023029683345,-0.252576022281908,-0.16443477288007,-0.269252991208816,-0.22086826657257,-0.169496236770519,0.178838154755742,0.226030313020927,0.167448191902462,0.227817023605192,0.186043184512814,0.183571491039562,0.183236638726838
"136",2.05054213835476,2.19244506603873,1.86260461767112,2.04114275533109,2.06549730567949,1.9345020726568,1.78632557869178,3.52457922817098,3.77531255349999,3.77448221790154,3.79132693142162,3.73968604990799,3.8053091941152,3.79967122671728,3.69929853501347,3.80128705581015,3.8226763216732,3.81222027019807,3.81066097048915,3.78202082816537,3.76678414969049
"137",2.89780365909447,3.01040352516678,1.19905298462864,2.83964015307747,1.89656324616958,2.9728177812849,2.12393533066323,0.942088469273715,0.786198332740329,0.835371896480046,0.696268554392409,0.679153544697895,0.74911405262443,0.78281133404187,0.761654236572803,0.791595293966798,0.755461185690914,0.7682530138242,0.701595847936578,0.752111466584331,0.69527349218751
"138",-1.87398257063195,-1.90258390147142,-0.75421377618575,-1.66994221268328,-1.18284880654532,-1.77250458810545,-0.862171088504898,-3.4318658313175,-3.06445778150901,-3.14918208689481,-3.22427233608645,-3.04804170825548,-3.16586313876965,-3.09357419202826,-1.87183951408671,-1.84922566258151,-1.94949230360558,-1.86252068002959,-1.90124791168098,-1.86975629518987,-1.90538050181893
"139",4.14798243159906,4.21332410738956,3.81569612469146,4.03285201713622,4.05314450543323,4.25206254888445,3.68726214015956,0.500682125284203,0.262913011157149,0.383827827077484,0.33934370221075,0.377580669571291,0.271711963572394,0.374256868864715,0.587540630466408,0.324021261099814,0.286358356880812,0.279500743716101,0.307649856938915,0.282092854518031,0.349906499015179
"140",2.44121467916817,2.58154538038501,4.25493388613982,0.976799219208789,2.32831219478458,1.03364158434503,1.74433076282214,0.389650528387233,0.233597126744551,0.278824912981484,0.14086702140715,0.180998964504667,0.184656989978451,0.280548917356191,0.499584068536454,0.100001188223736,0.0596688550760038,0.0278536987916723,-0.0104388669071239,0.0374791391269377,-0.0480960924152867
"141",3.58825469793382,3.62006096798415,4.14498591609001,3.54091160653589,4.21909731964874,3.59584470497249,3.42533975445996,-1.41810088101973,-1.55416600159284,-1.40185705611688,-1.59755428562158,-1.45633749498134,-1.51770560429665,-1.36443598348648,-1.55083745379913,-1.65538183522107,-1.70616565733461,-1.69360465172338,-1.70074084348296,-1.70005170750428,-1.71272538214256
"142",0.040022228589772,-0.0136653436659326,-0.333688706236011,0.1951976839006,-0.433365071129545,0.107402350663658,0.291651790991098,3.2641654119323,3.29774678460656,3.25640486491475,3.3427772197181,3.22796078076937,3.21512423298512,3.22712117601636,3.87923321236863,3.97106326512577,3.93701104569275,3.95290569926154,3.9020305894262,3.93862961467957,3.93419922608011
"143",0.975353967736154,0.816179507869857,1.62822566196185,1.33800275513775,1.14564425450376,1.12157287217201,1.65999282419106,2.18576234178081,1.83569770102608,1.68177142813873,1.8292378065902,1.84996357894724,1.83165945249619,1.84765739678592,0.639622430017219,0.614909574326808,0.577909721487163,0.58179258547107,0.607231116107681,0.586167389367669,0.620531306593265
"144",-0.0812823176086341,-0.206093602512734,-0.293236050759052,-0.234014274919766,-0.862508507359014,-0.281558037641361,-0.476679368340321,2.28354908842623,2.27932969749398,2.29953590915312,2.25958794015493,2.27501616444763,2.2395845092451,2.3716229581984,2.58087678125082,2.54496769234239,2.61227040197156,2.54420820074591,2.63740751691626,2.49737190449456,2.64350259657854
"145",-4.43097802890084,-4.47330310280366,-4.20274563484881,-4.2069076818787,-3.66195361372382,-4.44467312257547,-4.19090931586389,-1.35307357881547,-1.38465375946275,-1.39030932270282,-1.32028835196435,-1.45683947014198,-1.31003296685888,-1.41902689341299,-1.94344870132132,-1.75744115641711,-1.76095204219883,-1.73536317252491,-1.81729798034148,-1.68922813028772,-1.77275853464175
"146",-0.403693119745828,-0.477676431551016,-1.57120498939782,-0.511686398864652,-1.43583227967051,-0.418543879326778,-0.968447131792917,0.858109392667483,0.969764751872614,1.2035221623663,1.06832821987388,1.16146258073761,0.93456315077295,1.08623835300728,2.12040629802294,1.84323915897011,1.90669044942205,1.87994373956734,1.95494098437039,1.81658454087495,1.98435447042862
"147",-0.0417413376627188,-0.0198948978402971,-1.07011982433345,0.10277475813312,-0.766618599421383,0.0780144348349974,-0.786906205339697,2.20359548835422,2.20303524528104,2.20916338859287,2.24684880340245,2.23240309827184,2.26326409714526,2.23400290998902,2.08518611025887,2.13748764966736,2.16263289631901,2.16306421302032,2.17307039600842,2.15369561282573,2.15710340498208
"148",-1.36155877733005,-1.33784586286429,0.214288133454776,-1.32506575892106,-0.417224379895851,-1.27790777677554,-0.60193993086634,0.737886062398887,0.699790672756323,0.742562268155352,0.608969788618374,0.883614261346376,0.658914784856856,0.67849836324847,0.385933193937627,0.467538647396426,0.436827908964941,0.472274977047373,0.485762968721347,0.467587732522056,0.515227336880635
"149",-1.79950025073168,-1.96418952655055,-1.70204540082407,-1.53256342961889,-1.76749362112442,-1.79813637028711,-1.382832068468,-0.839418506400361,-0.912617869654913,-0.960377131895816,-0.957616765307628,-0.91185934696127,-0.952125547042706,-0.890004370171156,-0.445338965009757,-0.678472163719844,-0.713001503149334,-0.687146116906936,-0.670444966916107,-0.651129963705949,-0.640748058706235
"150",1.35390316951427,1.31541077803608,2.83837493970686,1.15001860760123,1.75167964691531,1.25614864839266,1.75600504136141,2.7056102828396,2.72904813252102,2.77370235529375,2.76255445524282,2.82865905968748,2.75695106972457,2.72440223042018,2.72496501608017,2.77846939327841,2.82428781126016,2.7251374377871,2.77013956930229,2.78008878390006,2.77907532974179
"151",-2.97396281054529,-2.84088753100829,-2.53838382043121,-3.91670313013359,-2.95225804949174,-3.69702191168113,-3.09224876208088,-0.717639524574269,-0.862611860894795,-0.798296816940398,-0.970290412061581,-0.919814117863666,-0.842804878490655,-0.85948477812459,-0.675551113196173,-0.79870559780887,-0.716254814677094,-0.728740297855295,-0.753257265428252,-0.754736936623076,-0.765525741633139
"152",-1.40928190318513,-1.36438976317772,-1.97885194907999,-1.27601919352143,-1.87522529107594,-1.03046269781132,-1.60151306191939,0.223457883416787,0.370236225333591,0.40775954780788,0.43712966497379,0.426602539935029,0.414497427521956,0.468085087796524,0.907050902862711,0.766527154496131,0.825801497820368,0.757549817044315,0.84777145984414,0.745217992162574,0.854870183419161
"153",3.54893907677155,3.47689733181739,2.88624887394751,4.06671206326651,3.00156112927082,4.11768559893797,3.27986743990728,2.26365751698212,2.42178195673428,2.41891134298205,2.51973603217255,2.52176898251292,2.47642346915206,2.5428342787092,1.90523181028893,2.07423399276536,2.15383519059686,2.1294539033098,2.16753957374492,2.08174264039268,2.13901151765748
"154",-0.104103251168957,-0.211865675271589,-0.179927109625898,-0.59384632734412,-0.381708199427136,-0.529673616304273,-0.206699994065131,1.10140394334148,1.01861396480063,0.93027739138029,0.997672301354326,0.919407906719922,0.983063708798632,0.964591651830417,0.692592542148052,0.49786751189116,0.573165247166349,0.517970645951743,0.519689643522963,0.534399679560779,0.56762217168255
"155",1.81841058901407,1.79669777834638,1.42443305286598,1.75863284912633,1.54642609029945,1.97772566496055,1.43100351697666,2.77220098959919,2.62314122939474,2.65036802083426,2.64411790996965,2.68055726977556,2.61239469050285,2.58552872990819,1.83500705017736,1.96359620793925,2.00758310398306,1.93992687249701,1.99861839541942,1.91831429269099,1.95452722918614
"156",-0.294910198934339,-0.260537699042044,-0.557346157402835,-0.402892283469764,-0.381010803800172,-0.417685820121169,-0.680558576978632,-0.66475947750066,-0.534919211051261,-0.5510426812108,-0.597820620695366,-0.644932450574036,-0.615914988480315,-0.66210566151111,-0.234492290353743,-0.136694490184129,-0.209858883963531,-0.195377341885228,-0.240223675585018,-0.225558408128434,-0.270829742402753
"157",7.46569628900072,7.63893385539281,7.9984051783552,7.45951808552456,8.04601259411365,7.55311498590302,8.00020733857267,5.68970961636903,6.05892893304074,5.97886432843545,6.18221785233741,6.20582983521687,6.20632722211108,6.14091751879521,5.89846864817633,6.43754042766404,6.39218170622353,6.59218143761163,6.49418493744739,6.54074981928329,6.57787761583884
"158",10.9019651845193,10.9501919954938,10.440431549429,10.9837923985889,10.8100965123445,11.038881430934,10.4462652948817,7.61570256421698,7.27925161338316,7.23289253825694,7.25131980382151,7.17273104929867,7.29412211768743,7.18133888707615,6.12751172244243,6.12999937892466,6.0308124236929,6.0992651844291,6.05667683308719,6.12617293229607,6.06112700515329
"159",4.02074952123737,3.95468598761892,2.47824614616007,3.21709161571217,2.45700725225182,3.12159050580508,2.77809017238637,6.87738336988887,6.88349433704633,6.6652836550016,6.9379326920098,6.7963219492512,6.83111545651536,6.9456967322351,6.13328619752832,6.06318611424272,5.87547144548602,5.99848199115895,6.06531001570677,6.06409054012712,6.00523250412623
"160",6.70832074355935,6.7152640320341,6.88754428582056,7.33320626598853,7.74809685054778,7.64801431308328,7.29553678244188,3.82291860645985,3.51668191381142,3.58747281631145,3.57020999607031,3.61445010598564,3.64594659839286,3.56035612410153,3.25523671430525,3.06229217010895,3.06717251918406,3.09084020133157,3.04117913588375,3.12533630688827,3.08817047756567
"161",-4.63484131793573,-4.53128801322794,-7.41822117838644,-4.74301534566104,-5.60740976209194,-4.77612445556656,-5.68321519099231,-4.33552819929885,-3.78470454979473,-3.60915928250619,-3.81727322377124,-3.65582058869098,-3.74814015486451,-3.54482741468409,-2.76664737909682,-2.65565230035472,-2.78174469744739,-2.54304038273455,-2.685824070224,-2.61715423006775,-2.83896510867888
"162",4.27485049858967,4.33416861467841,4.0826413970613,4.81058763790431,4.66556736302798,4.90703844372297,4.63812494514451,1.8938437812317,1.69162695562748,1.56269218420353,1.50476462031678,1.42838427283309,1.55163428329581,1.53194857606418,1.27419989510985,1.25966214889801,1.14088609958122,1.38156346125923,1.3014597933493,1.37407486764542,1.31640263800353
"163",6.05110316369782,6.11190490174192,4.93635401382645,6.12130354413456,4.95198692008383,5.83738707865943,5.16235299460663,6.31281800361271,6.20607970526692,6.1567214582024,6.1631157919113,6.15996544449341,6.13029575244395,6.18401192535436,5.13430202341157,5.28979015791019,5.31359334279695,5.30473073150682,5.3098640598643,5.33864366168039,5.32542656159479
"164",-7.41504822407068,-7.41437647966636,-6.77735947292998,-7.50962889012505,-6.87263486940764,-7.42809583354981,-7.51662084794918,-4.59748713311929,-4.597466361289,-4.52567088215342,-4.60775524955978,-4.56618864895198,-4.66278122045763,-4.6291518347628,-4.80454164782016,-4.8009148758549,-4.81407635314236,-4.80885848927224,-4.80962920524965,-4.81666653019434,-4.82340334479472
"165",4.25961379397333,4.60080355277103,4.92332309938479,4.21016917849109,4.92724851223955,4.34225310494693,4.88987662683803,2.58693847822673,2.57400560301721,2.66203634069291,2.48981161649851,2.69951428436162,2.40819943292252,2.64850923740853,3.36222531867664,2.7642257936519,2.58445156323118,2.71809716274365,2.66755744468122,2.67287159220083,2.56760820345774
"166",14.4081935410668,14.4480868861363,11.968588749839,10.7626718959861,8.63009080998692,10.668841194345,9.48982723673223,9.32001652211919,8.84901161950313,8.67402341307232,7.93218664321469,7.91041085509321,7.87684909919813,7.86239195296184,9.06874645074789,8.37300457600004,8.21685040528345,7.84422596366019,7.84889625375857,7.81981627323163,7.68710016854358
"167",0.789895123644452,0.759590340215513,-0.251521706512363,1.27659685701187,0.128703435738419,1.06736263916144,0.411172552868964,1.04398151375543,0.976650160979319,0.859999395460427,1.14579650081136,1.06169429315275,1.14060532022492,1.05008331250253,0.87858379530368,0.911477026891542,0.9193535265561,1.03464270597885,0.975738578490827,1.01449361797487,1.02984141855954
"168",-2.70441311183177,-2.79279762415242,-1.59977289895974,-2.75615724909186,-1.67735878784887,-2.46518285560217,-2.77738041782858,0.715380714721395,0.638481006319556,0.472581229312491,0.536948500827417,0.487937402734582,0.553657546399233,0.452021342885969,0.331767476197151,0.586556437975325,0.421422629751219,0.54712225204149,0.577289412291872,0.580497253674496,0.599218419880392
"169",1.76971639042561,1.8357881000947,0.562043108556957,1.70322592688517,1.36917988889471,1.91214720855078,2.5105682069642,-0.334141204824317,-0.322583445912834,-0.180740580828385,-0.540331765121648,-0.420280681202455,-0.605521333919051,-0.613926632866438,-1.54126875702376,-1.14381800067754,-1.14702804394438,-1.28044343238159,-1.19099009520713,-1.24328702802013,-1.30948431699297
"170",4.26939684365849,4.35602853934383,3.88184973623334,3.22565724777398,2.88763907598222,3.12819835237659,2.63000851765499,5.9691355101655,5.64994967928227,5.63363606850579,5.80730939528362,5.77687521219015,5.82391868342624,5.68197818347261,5.95545140258853,5.61630975378855,5.55002156477399,5.5091389974473,5.4444917743265,5.62961827895298,5.47263001140652
"171",-1.17915022287981,-1.24568981555415,-0.80672834560338,-1.21124534147206,-0.918922564480839,-1.12620540037375,-0.493137967097972,0.737518462708122,1.00238014700914,0.985112627416576,0.935542020120973,0.874868619230514,0.948001084564136,0.928244132153135,1.04699062098353,1.18032984438425,1.17587635902026,1.10930885396197,1.08685456963058,1.07790243654423,1.09766477265845
"172",-0.755618878766598,-0.857294697557841,-0.711780198117977,-0.912676488491813,-0.732256305539354,-0.90603505130281,-0.886185520804325,-0.0852929437292816,0.199033413092147,0.328420048397914,0.236646318276051,0.290718660565442,0.206368994933221,0.416439213692216,0.567099206593256,0.827986512923106,0.898407833023619,0.888733058995306,0.927591984214105,0.884367094475564,0.894749936254333
"173",-2.86144534277264,-2.82367665091577,-2.6471683091215,-2.78168794261421,-2.485828112547,-2.56604047668835,-2.27388213519597,-0.283292631619988,0.221536859076646,0.111804904604525,0.0653577641997667,0.0902327925775833,0.124585542939368,0.08054716750101,0.729191642846823,0.906385596922203,0.840211082790749,0.921159293512562,0.898420436765792,0.918048316808876,0.903147245213722
"174",-1.97680018014121,-2.08375364809803,-1.99900140179876,-1.97318095905161,-2.00870248782848,-2.03294630680223,-1.95843117581242,-0.173717828180178,-0.207511585246637,-0.365147298320457,-0.215998890506104,-0.2265424944143,-0.188664265465344,-0.171295419060052,-0.839387976920775,-0.465643171681946,-0.515508545336834,-0.519798330614973,-0.465602327140771,-0.499765514480002,-0.400477556843441
"175",-3.96753902680393,-3.98310997174764,-4.47667610416467,-3.99161507349619,-4.32708128820014,-3.9597088458587,-4.71952152581491,-3.02396809540429,-3.3069952240689,-3.27563055388301,-3.33073887576259,-3.27353195086014,-3.33154631131534,-3.29129576304347,-3.33526328229447,-3.05641626167878,-3.07991603312272,-2.98246706408761,-3.02223757097151,-3.01256688465039,-2.99976823195843
"176",2.78322248833672,2.83578233333957,2.62788230041449,2.66269045802435,2.74339331392941,2.80556667851653,2.78929867701966,4.26091092408371,4.40282690157988,4.35227638923874,4.39152992334393,4.36732691691389,4.35462999333756,4.36784895118558,4.64651286489605,4.63907666916568,4.59985099931852,4.64505288395887,4.64862273770476,4.63051107589506,4.61153505412465
"177",0.40892902060112,0.577267664857671,0.859474877115079,-0.137348451933964,0.160147493685218,0.0558974984186933,0.0750792460427021,1.19499704780658,0.518886907612246,0.414472785239059,0.276504721679259,0.278919906323138,0.318234056152485,0.334582967874166,0.483085632391667,-0.165895032010555,-0.138283513712859,-0.160450578371736,-0.130508838240241,-0.134031429139153,-0.0889429645172463
"178",-0.396006886837569,-0.360054435440875,-0.5086589585444,-0.236024374573207,-0.301536866141144,-0.417560853470288,-0.0615815836416606,2.65149671600927,3.12063594617202,3.22830341010654,3.02722118755323,3.25540738459501,3.13261923014849,3.30173366475562,3.65099874543933,3.84790001180593,3.83788782872922,3.82891902457083,3.89710454981962,3.8629023854052,3.87317814376889
"179",5.11338734988577,4.93642904712707,5.36464920467639,5.72520316437134,5.63451158185729,5.67167121136635,5.51372547664265,6.59391220717669,6.17462457392118,6.00134520209208,5.61105167058543,5.61923087589976,5.72095865279145,5.55066102629067,5.81201132058242,5.4570880600752,5.44842578585113,5.3418463536162,5.32756135157063,5.38613400196773,5.27013467904247
"180",-1.61201289797318,-1.70939928105912,-1.75233139923647,-1.82909911838388,-2.45270454394092,-1.97522841505552,-2.49993180771243,1.86017106454445,1.65210966213273,1.60063345196944,1.7678814065976,1.73438897522276,1.76373603812198,1.66530153434777,1.37233468973514,1.40845610457975,1.44344091173414,1.43310195789558,1.50048730223438,1.46898731026426,1.52175592329377
"181",-6.46138334561864,-6.6611189593075,-7.06955797599557,-6.6757208665907,-7.40999978407841,-6.74080048943849,-7.17037819072198,0.0937197062457473,-0.352276867380033,-0.552017785808694,-0.545408774964989,-0.802874194486595,-0.586491790720347,-0.753150727988314,-0.995448676816777,-0.843257757908121,-0.867526599716343,-0.913483567003596,-0.905691980033207,-0.962489433391035,-0.843803990148342
"182",4.89467006364662,5.04746991951479,5.27059146911218,4.75265953629231,5.30930577545986,5.00634457566433,4.9603133643705,0.652802910189901,0.89625936713614,0.849309199705487,0.923641582646976,0.907514808460711,0.840758100133951,0.898230441946336,1.14584500220095,1.15924463626082,1.11399856759066,1.13253976758313,1.10656067685088,1.13947331557634,1.1001087145644
"183",3.46246553702358,3.40032653255131,3.55932426255537,3.48614652790834,3.50968894525004,3.38585468586314,3.18626486783986,2.0388923323424,1.754051563556,1.74776374132828,1.54704980544834,1.41900188346212,1.52068405822356,1.39112385656211,1.96812235683473,1.71251777222937,1.670884883361,1.70303089496026,1.66843140501922,1.69106773389824,1.67977388915932
"184",-1.59315849191993,-1.56084157430735,-1.58780870217534,-1.68484301799332,-1.58995725374461,-1.64173942759253,-1.42379477086986,-2.52341955953634,-2.06343977273532,-1.84757712990251,-1.99927570054338,-1.81254263332323,-2.01392920878432,-1.8067389727572,-1.71600501819366,-1.70362312034176,-1.66576940581549,-1.66610616882018,-1.64753962353726,-1.68069005861087,-1.67673274237309
"185",1.7544546167605,1.76302031919698,2.252734123888,2.67463174680381,4.28459233055957,2.53059735342823,3.73735242002677,2.33487859378288,2.35136627882027,2.21489337409544,2.25745648585162,2.24367616190347,2.17422714445592,2.18505353747251,2.55434217601236,2.35341841561969,2.34794471386039,2.37808680992311,2.40869175757576,2.34190072816173,2.37806002117001
"186",0.369549205810813,0.372202182931282,0.609376780670823,0.452724562660095,0.501084957280825,0.453356124009611,0.325040482116575,-0.661119450129223,-0.818424226245619,-0.953921212795892,-0.889535247146169,-1.009118358141,-0.953879332077543,-0.98667862267354,0.13889013758255,-0.480515840178907,-0.48865195574506,-0.357366734027121,-0.355737188826425,-0.318697274027974,-0.390053257522248
"187",3.25172915540094,3.15885049907116,4.05977677074712,3.66184488571494,4.25948560943038,3.70590230009877,4.11565735931623,3.39647220568167,3.46189049057674,3.54928116660519,3.53279041142038,3.64771562223747,3.49836728040622,3.58970522101178,2.95724946165725,3.00953692392072,3.02403218128427,3.01954650259179,3.03245471293287,2.98782089389174,3.00548787841628
"188",-2.18615939797747,-2.1963395533441,-1.72037957337845,-2.12190457549324,-2.16527979243888,-2.10842276586518,-1.87672372309614,-3.81757406918146,-4.11659461842701,-4.18193707456566,-4.02619567581416,-4.13125112015425,-3.96551979008768,-4.11774965334757,-4.48190762819751,-4.70292257739138,-4.68213316566389,-4.62562060542633,-4.57182817136379,-4.63490324615171,-4.6704255417304
"189",-0.248560672135891,-0.258404772819854,-0.174092644690202,-0.537058342717143,-0.634094442358088,-0.364764487821947,-0.545916389321072,-0.81347425339435,-0.851575655794547,-0.874478093393286,-1.05141961415953,-1.03649876757803,-1.0553864319979,-1.10756405856889,-0.271399706410548,-0.597146271587628,-0.668469319921192,-0.889843004357682,-0.965292269269812,-0.859123290539473,-0.94816069667281
"190",0.0426535592853425,0.217590007862547,0.240020329483006,0.276951710067948,0.708315423385886,0.325051811972338,0.196336113947575,1.77561591535525,2.52893057831091,2.7801166625129,2.57315698499537,2.67179215447043,2.52175520353632,2.71387136169066,2.58709487361246,3.26021999026802,3.27537206201628,3.20771560787762,3.15379979362286,3.25604638778312,3.18189065986389
"191",-0.846718722708998,-0.703233984017943,-1.66515636055435,-1.87117250297443,-2.5489020171772,-1.68308301563711,-2.23117667299964,-0.962790172038346,-1.12298713003015,-1.3358140858766,-1.07137820298831,-1.17855532677775,-0.981308677181505,-1.10273927046101,-0.33111077052733,-0.794610557103197,-0.729786440729801,-0.76065510973347,-0.721501253738881,-0.682689727662044,-0.760107343790863
"192",1.50827513376134,1.61752464528901,1.78540174108976,0.425131913280646,0.831950282364015,0.360451626312551,0.871684082437073,1.66807982637652,1.61491605434217,1.52197823391022,1.59188481691625,1.58968512585445,1.57922146820795,1.60387195245833,2.19077076788673,1.88499859929063,1.83755523455387,1.90486168487735,1.81600645757604,1.90689841908055,1.87221378691952
"193",-3.16652239510935,-3.05950162473848,-3.1537082445644,-3.57572752839082,-3.18502020559259,-3.37966305446401,-3.74056834911341,-1.64044980166664,-2.12651364317679,-2.09133561207633,-1.99679931199665,-2.1310074532609,-2.07525169039255,-2.06512823452538,-2.03169984167305,-2.58397795381624,-2.6212978636802,-2.55492391097981,-2.54531848058174,-2.57432349146373,-2.57461604063033
"194",-3.61431948778437,-3.6796985454213,-3.9917346469097,-3.8329738928989,-3.94030403639933,-3.4802226365191,-3.72844643733421,-2.14719525874085,-1.49152724948839,-1.43762530414231,-1.33560349832883,-1.25552077803334,-1.28898024063975,-1.29993135801516,0.5727513598714,0.574749072965264,0.450062515295007,0.574883123654872,0.556080541476126,0.561818697601027,0.59847201711672
"195",6.50859965436525,6.45351550625977,6.39817085184252,7.2941100768871,6.92881396923256,7.18382810639917,7.74164809471623,5.21603975726073,5.44122795867003,5.5079824520901,5.50774834140973,5.51481752433546,5.48486845303828,5.49760885400601,4.88719828275532,5.03608397276877,5.14744224242553,5.03274511320379,5.11001915321514,5.03242228353452,5.14899381421709
"196",2.79314075188063,3.0075028795761,3.29976879931376,3.90313077198892,4.3970881509014,3.63664999163421,4.06661009021217,-0.968136590089992,-0.661892054553387,-0.621870120144785,-0.591098854613817,-0.471424591422992,-0.571629061728691,-0.482284230632866,-0.565509866386074,-0.33075470946139,-0.222617492650089,-0.179787445755231,-0.0303721161275284,-0.213935272796473,-0.111410745010756
"197",-1.62223845105097,-1.5065421704795,-0.841980338181382,-2.00063362699951,-1.63674954531178,-2.07789644383963,-1.43444865487318,0.225484356305767,0.057779834150295,-0.108423793106429,-0.00918978359078204,-0.0483038450773885,0.0274898619748309,0.0121388726855758,0.0233026629988193,-0.242573291861866,-0.179297152921338,-0.195402455660273,-0.168662465148755,-0.260441832789192,-0.24651242398204
"198",5.30268143308566,5.36061993542865,4.08200202686807,5.53417911051671,4.44765832953097,5.32446906233285,4.58663521436152,5.55038478841254,5.87738964314049,5.65460322910529,5.95139502799152,5.76844485254968,5.87184230123203,5.88615783998151,6.75831787123378,6.4154922884229,6.30537372007834,6.35990043188927,6.30212806643336,6.41266254328444,6.22677837600032
"199",3.66689027592469,3.81788287954686,3.50966900373276,3.46776345868794,2.97331218367629,3.45996109998213,3.27462413305976,2.99452959021171,2.81408660611371,2.81213814080119,2.79395368679169,2.79981850261027,2.70860384538808,2.79438527887988,2.11522443178481,2.14230990425584,2.25110456862429,2.14960717092098,2.1872497379998,2.12589495556713,2.16878718898582
"200",0.643410531805568,0.884880530851543,0.438525327710538,0.948351815950893,0.0382043204260329,0.777930214315027,1.06848271875573,-3.63931730955917,-3.69997132086561,-3.82916206784434,-3.53314655283843,-3.51335590465024,-3.51268163423024,-3.49870359283227,-4.01533031516146,-3.7066315319721,-3.73430638324442,-3.67381048997817,-3.46936478052586,-3.53897627521382,-3.66076841109336
"201",1.26386739444019,1.3100469908519,0.622950524916015,1.05892213652016,0.332044364203314,1.04545873945721,0.343193580740397,0.28477992268854,-0.125345224448822,-0.200934416616683,-0.0877777128349422,-0.097615151743738,-0.0861185228545158,-0.170661446407136,-0.870532528674697,-1.06414621206697,-1.06958874784389,-0.890496598419827,-0.8227873431498,-0.864736883986408,-0.873335516646695
"202",-7.21475294085655,-7.24325747826983,-6.25076384203371,-5.83170976717404,-4.83094933471098,-6.0633882552136,-5.08318185617479,-2.34554123120253,-2.40766395135407,-2.36287717813643,-1.64393254385685,-1.5921741350964,-1.61390728322907,-1.53992082619262,-2.53447698983027,-1.86487094319292,-1.88384081484274,-1.79663031130902,-1.66126651985167,-1.80899043636645,-1.5851657813071
"203",1.72554193362232,1.75427457230579,2.551151876098,1.57378508057838,1.92294034645513,1.46528293952594,1.97458835003514,0.517317973860049,0.684360253222296,0.796231617564896,0.822066275390681,1.00551912066597,0.768254784384992,0.853313552139097,0.827668158252168,1.20097751181815,1.17850234705723,1.18976538545092,1.19711282425239,1.14316201091578,1.15231027400837
"204",4.78005838761222,4.77504753900178,4.62799192360298,4.94406202258535,4.8696570302367,4.93773024801307,4.83946616014552,4.42359075872581,4.24282890141174,4.22226010501732,4.21182904798495,4.23787938235783,4.17316469474325,4.22322407276359,3.78917885006093,3.5437426072493,3.6507446297222,3.54099160005587,3.67766245351187,3.59411017443821,3.67574569286889
"205",-6.58587055144976,-6.50537474986876,-5.56052235694937,-8.13463924351806,-6.47850887315647,-7.95889810194019,-7.99414095767837,0.429337396653539,0.727474351082152,0.85221298667037,0.604384159817843,0.78405291784438,0.629037947626244,0.813654447419043,1.09068363624483,1.27129137756866,1.25576006879128,1.26780742478911,1.38928131404462,1.32068744768501,1.32765969739915
"206",5.43164624396953,5.39140068538638,4.5989657161823,5.51677731481223,4.94911616109126,5.31688031171911,5.24918218626128,3.56853983483377,3.86575759579765,3.90286463070944,3.80425546316818,3.81501022073033,3.79216656515031,3.79541010891574,3.8235486110417,4.03485542933981,4.08479177353039,4.04621227361094,3.98181008989711,3.99069862621961,4.02091582591515
"207",0.878799730231381,0.955693192899774,0.59651008520508,0.814986624241329,0.583757397750393,0.841908757655227,0.695196059954272,-0.479892793354413,-0.699692709642187,-0.69535220832034,-0.692437521303851,-0.714807500122902,-0.714905808779026,-0.70624196545344,-0.826969400535008,-1.06330619170041,-0.994255747783443,-1.04472764676367,-1.02447414912912,-1.05660764265909,-1.0094040437045
"208",-4.85587525722276,-5.04680702936313,-5.50857443276691,-4.82869607221323,-5.3386217053153,-4.91057351593745,-5.11049308437721,-1.43480774993308,-1.15932287059746,-1.10930734318705,-1.15224005396962,-0.93234684658436,-1.09964567849479,-0.816368145965689,-1.05644767031614,-0.609350904106454,-0.545901749567738,-0.628367737972288,-0.540336235098733,-0.538460577575616,-0.491251046825066
"209",0.908712676792026,0.714830087715237,0.613034009932314,1.56140416642159,0.759234640079059,1.37854950962772,1.46901345332616,1.50628531591673,1.06451089884553,1.11243398132437,1.11660241445421,1.06081000071175,1.15657549251011,1.13233524538269,1.93692842046463,1.23371498884295,1.17030438750948,1.37717393863098,1.34011079835301,1.34515490987828,1.34659997041775
"210",1.06879829760542,1.07537594501974,0.693439789963539,1.38108303788271,1.382839214804,1.58013876727353,1.06693748467679,-1.4669152252554,-1.28120132933232,-1.08926680450531,-1.25706078111866,-1.02604843713149,-1.26075361780762,-0.935829405385386,-1.24338866588798,-1.07703638965476,-0.99658772902493,-1.12307996312453,-0.983015011985799,-1.04499567994505,-1.00912545654618
"211",3.61962203818363,3.49895213181399,1.92203316968191,4.01397787672832,2.8125741707218,3.71597919152757,3.01856454613076,1.88071074148442,1.70557584275542,1.72013302878453,1.68455327512851,1.82351335492643,1.72079156088805,1.79629273376677,1.56348222688574,1.42914838745051,1.43066817315103,1.3451188747875,1.45276522145325,1.36923171178161,1.55671300970583
"212",-2.59682709856992,-2.56606164845403,-2.69429031498819,-2.50699788354838,-2.29723309385555,-2.55828635162919,-2.66586886025121,-2.73216052375532,-2.3003162594862,-2.23375118346138,-2.28124459376931,-2.04007787727739,-2.34203880314445,-2.16440128570591,-1.88419989204429,-1.89494459445875,-1.80461243350887,-1.98735273259127,-1.8119628351582,-1.95964141155884,-1.82802381090373
"213",3.46354415777163,3.45144430509107,3.67762765506311,3.51411310376631,3.37276004953677,3.60781226626922,3.7981513439994,2.8908685849169,2.73487624464853,2.69567708177082,2.80647809479935,2.72098443732726,2.78702918567941,2.71866264612136,2.85186911564177,2.67291748686284,2.63104195762999,2.70601316805137,2.61236666251536,2.72238125481776,2.69667054731998
"214",2.93925104324279,2.85833261442103,2.45662303699801,2.59018661556134,1.91414613731533,2.61859389073956,2.45518736171062,2.14791282135339,1.65271802857398,1.78218094144067,1.67183392648881,1.733649115871,1.80714065485259,1.75907311141818,2.08854846185062,1.55185790973825,1.5403957160032,1.48092444857264,1.5040343167578,1.45400466309586,1.53771295419861
"215",5.17432820995728,5.21896253265921,5.19781148873536,5.358570279073,5.37848800194155,5.19146446368013,5.43870227979474,3.85239972649719,4.16580223821118,3.9033549489094,4.12078237500446,3.93472138131268,4.07705386017353,3.96837942485148,4.18321670392316,4.27563687865399,4.13151022984333,4.25271704692511,4.17612877046072,4.31488371572748,4.12125700223635
"216",-0.543869855711588,-0.515775438820608,0.136383486348311,-0.599877167223386,-0.316706805655348,-0.584403200183573,-0.226082987714083,0.0845327475362098,0.213956914295655,0.228918796796519,0.229745291344148,0.213852644420663,0.244405674127857,0.211483472522889,0.460887240917916,0.60712528076679,0.643106587357537,0.598649025270349,0.631541729802722,0.617597011255697,0.679558152473129
"217",1.10378487241024,1.36851368944641,1.01777370743367,3.33549606729483,2.93345988213147,3.36702920035953,3.37071666890503,1.53613111568595,1.63485833910003,1.85554531714809,2.3099520009838,2.1567905825266,2.32970673922212,2.32479183490582,2.95983337951251,2.36098847053637,2.38452621045618,2.91703956577759,2.85888207606295,2.87558158409526,2.79133338850516
"218",-0.929866966953733,-0.807209782125131,-1.55953632417828,-0.844751467604851,-1.16668543270366,-0.840742904972324,-1.43761687395244,-3.68327158060257,-3.75466152670098,-3.79289996491513,-3.78345418000176,-3.77800695197544,-3.74249837720815,-3.78175048983119,-4.09131485390349,-4.11109840095703,-4.09761319422046,-4.12603397993721,-4.06451622022802,-4.10575013634793,-4.09321079177453
"219",-0.327486409905107,-0.131300535900203,-0.221745010284563,-0.659177479922354,-0.437842122222181,-0.646434951785521,-0.687495520922319,-2.77370161477352,-2.28877488399529,-2.28119607435374,-2.26379541208258,-2.28732603975118,-2.33024204944424,-2.22626926850833,-2.0117376169715,-1.72949199920328,-1.7997998718502,-1.62631029525431,-1.72969307467107,-1.61478328148735,-1.73650375358991
"220",5.62458381231925,5.4760089722317,5.58243547526073,5.69872469637538,5.48517941605742,5.55392678187788,5.14955723469924,3.2095182203319,2.59899081687866,2.45835402580438,2.54712999056722,2.50603241204171,2.54858363281166,2.42231842685649,2.325708387512,1.75805922562331,1.58423141313832,1.71044846787528,1.69274847526139,1.67705834952602,1.66429017556199
"221",-0.320628191589297,-0.215269999141702,0.0513892450600336,-1.26709511883752,-0.203800281217145,-1.31668219931543,-1.10766355401158,-1.1149730551545,-0.721833797305617,-0.821501406868481,-0.854948736038874,-0.874378034859615,-0.896744615100643,-0.840079298781947,0.256200257412746,-0.0062478456085415,-0.112675552550357,-0.0258361525288114,-0.106465062865811,-0.0436971778537633,-0.178872353750588
"222",-0.521191677541625,-0.577247031956076,-0.476010264941077,-1.01485262407605,-0.857311472321821,-1.02428027987689,-1.4889668036934,2.02682547128425,1.5826700364097,1.65193101801486,1.41211004356724,1.43080943775763,1.44264957863165,1.47660167563926,2.34139221711805,1.70049140480487,1.72120474517919,1.63786104177185,1.62874365974398,1.65153849529344,1.66703794385696
"223",5.37612499946202,5.20731510624484,5.65592211890314,5.40085460482667,5.89093974153859,5.28209228517002,5.65302738162541,6.90642130800393,6.30426339566385,6.33278917748823,6.17131565612164,6.20799319582865,6.20654802155937,6.14874916394769,5.35322003005898,5.38974988618737,5.40221998585022,5.23181856180158,5.17402031780723,5.13462462323347,5.22339733875272
"224",1.29859767774483,1.36765999237353,1.96535787430798,2.85313340793471,3.95441906156985,2.90980546495085,3.24848407570933,1.46749326122672,1.61744122171118,1.72359847591371,1.9855368801808,2.14281344754091,1.98455886047042,2.19491137768623,2.27336243016999,1.83432137470809,1.9722389773878,2.06584049120258,2.14069147226771,2.08684440759461,2.10383455517636
"225",-0.301218329520391,-0.358231728587402,-0.545812799747985,-0.130256273397734,-0.415893209919774,-0.155748438353285,-0.136693909337,-0.26395084937234,-0.105829616132392,-0.0676090576792939,0.0932951892263334,0.103749830717186,0.119999101679562,0.103450522197991,-0.000680015413792159,0.146868857262028,0.134222785720176,0.174296252853312,0.198645208386198,0.182920948454454,0.165000901832217
"226",0.883471207826338,1.01284465173259,0.883623729542268,0.960556153844085,1.10506192930415,1.07645500942102,1.21253952551214,-1.58749515231687,-2.13957016669154,-2.23350535733932,-2.27304159292151,-2.44354126107334,-2.15184096881322,-2.37839423886109,-1.57750179920765,-2.63318024481088,-2.51604920192728,-2.75234781632714,-2.72710014561972,-2.67861149543906,-2.75477030701115
"227",2.17290430081296,2.23228925688878,2.87046443988168,2.09443514250491,2.55221201939394,2.06308569717256,2.37646242155898,1.09193687538143,1.55432642482805,1.70005007547383,1.41938259694367,1.65115938442564,1.53585916870014,1.78776791523194,1.32925621995154,1.7771325728093,1.81041682017277,1.92285750558719,1.87100547430523,1.85097819101026,1.93040420570103
"228",-9.50646820984002,-9.50876419633552,-8.22504638945318,-10.025727118303,-8.45506117944274,-9.63336689136962,-8.77067778930978,-10.6241410282794,-10.4916580424083,-10.1805490047953,-10.521664635222,-10.3078888417092,-10.358754625173,-10.2211429186657,-10.5184694383346,-9.88345229319015,-9.88467590732426,-9.93891121370654,-9.87580901132741,-9.87431209140085,-9.91401761295112
"229",-1.99300187178223,-2.06477898416254,-0.825705081007692,-1.87136163604584,-0.854184608361476,-1.91902241341294,-1.32203334285465,4.83237936347015,4.75331060701123,4.5984309950387,4.78250417963818,4.74350529518346,4.81198158859702,4.77423174828092,4.64157928519678,4.72863268710837,4.79721495059262,4.79680147114049,4.89220821187253,4.77475382565398,4.82537591995183
"230",4.87098746284287,4.81737583682236,4.84252799772278,4.7996800471944,4.64128664100093,4.75950038989166,4.74465359369873,3.32924806286721,3.27885991116443,3.52780166006611,3.61845098732391,3.89162123424221,3.61085736664113,3.70286196125213,4.28807948046267,3.62673491999605,3.58333686122474,3.57222139105567,3.5865607623762,3.56631956050552,3.53489046152741
"231",8.49053208733164,8.52103065643115,8.28897008013385,8.40253739787115,8.29351517781687,8.52719493503971,8.52799707257369,2.93479303601521,2.64760361660565,3.06320850492942,2.65632320768828,2.96833090261775,2.79288778033988,2.92506019800348,3.0852227493854,2.74157418761337,2.88221104973435,2.70003340960764,2.951789823927,2.69741144183426,2.85473841516622
"232",1.74644626216685,1.53068499464578,1.79850421723074,1.52722931810089,1.86435176836138,1.7180355048586,1.94339173781968,1.66399616614179,2.51976308847246,3.01534177449608,2.64815292810762,3.03821802024676,2.61054925782548,2.95689201060072,3.18267829508915,3.41006598332155,3.48870326976684,3.4316923251617,3.44235038778116,3.32791516578595,3.4418557227477
"233",-4.12236649095038,-4.09496794713692,-3.19283885334883,-4.3658257232229,-3.16444037923373,-4.08385280399621,-4.5996589804635,-1.08877178589872,-1.5381206085379,-1.70125909064525,-1.49021724382259,-1.62089299530254,-1.45464848395183,-1.63444667608441,-0.843718576098854,-1.92433888597383,-1.97593945893606,-1.82437327756173,-2.12265680823763,-1.84789692873524,-1.95771621441217
"234",5.45517926743576,5.44193763859024,5.31782448117485,5.29969847359145,5.37573963013188,5.19938457128334,5.68792991273794,4.6724908942665,4.60890463608285,4.59489459416287,4.61718988013807,4.61187807800182,4.61993476684027,4.65079482105847,5.31188039178675,5.03352461559435,4.9098074382321,5.09812531612422,4.95223615128121,5.01268775888481,4.98734340527002
"235",-1.9553105922105,-1.8799995623445,-1.75928210031132,-0.928545920645913,-0.447211839214555,-0.969599898953935,-0.742168844943577,-0.871480654197443,-0.323973914854406,-0.0295518883602745,-0.138720506210247,0.042422994498416,-0.0950685797692412,0.0372483104231537,0.906538470711698,0.807203310137532,0.88067758017442,0.997558887416884,1.06281317352648,0.956755197363331,0.978156749587249
"236",6.95292733519357,6.86319670142205,8.36354117938831,6.58652775733078,7.47583658581723,7.12602627498024,6.56482104887867,0.984581417527153,1.1556326415712,0.984415670456104,1.01588862431369,0.982991481095596,0.965609783318639,0.879964682256842,2.58230953975544,1.61811742250848,1.5315554969383,1.44204395672319,1.49483627568775,1.39481971119058,1.34690689106046
"237",1.80948686667633,1.81660851668274,1.83206753993376,1.58558312526104,1.55145020282912,1.53709861377848,1.80552824657622,2.93533826450457,2.69003252614696,2.6044284547179,2.70818721838165,2.64004085469794,2.60227105279262,2.6565649307885,1.60805206414538,2.06138251674638,2.12884194486851,2.05530650048067,2.08179730041156,2.05171242776734,2.0857434417788
"238",-4.83880900020438,-4.84802467952496,-3.62014064790878,-3.92060760591905,-3.38720588889871,-4.15806218387888,-2.75381047904416,-1.19334061216344,-1.16136153138348,-1.19445869110897,-0.926187242305093,-1.04046091759009,-0.902386687010418,-0.965150829287289,-1.18549659326216,-1.24532707602978,-1.23938912436962,-1.07417506224081,-1.14618153747719,-1.10966911458173,-1.13017471400296
"239",5.69748168456068,5.80196147586659,5.63089112123471,5.78945659087483,6.03430627874427,5.59625017638518,5.68804261195772,3.75394000044394,3.7431999951332,3.61149533347571,3.86983052661543,3.85942561897878,3.85992924979897,3.74615215064988,3.91150087871459,3.98691365950523,3.96375135633,4.08113553551685,4.19906661012292,4.17372961451745,4.07141856316923
"240",6.41839121896828,6.40111388685742,7.02948801633904,6.34959927317396,7.27420559300974,6.34925136091736,7.34808925809946,5.07329658344681,4.61053704771789,4.7491625777989,4.51944500878062,4.66756488883396,4.53839379495747,4.6526851441981,4.19704362601859,4.0100390490261,4.28048720594775,4.02620249377682,4.23301679556815,4.00097274328962,4.30288688000801
"241",1.93830368019117,2.03157920608816,1.75621941214269,1.86986505208063,1.94624293762539,1.84860007741962,1.70950348298622,0.931046373191182,1.20512150386322,1.29229330551623,1.24569309643925,1.29632154519627,1.22253888532494,1.26679062398519,0.390985667336335,0.41135890115809,0.33695175809535,0.54311831891513,0.478456097686949,0.508062261392127,0.514467594567629
"242",-13.0458422704324,-13.0698405163628,-13.156804233274,-13.0562844517379,-12.8487841662709,-12.9398221697096,-12.4721926110608,-10.9941463537781,-10.9488500603163,-11.0155414182212,-10.9124096414407,-11.0275078398665,-10.980711165315,-10.9320641431785,-10.7809612598423,-10.5119624181539,-10.661357142421,-10.6038091422054,-10.6374013392445,-10.6558636856936,-10.6773419894173
"243",-15.1245077279462,-15.3477489056624,-15.8697444376125,-14.9965198242546,-16.3311057825183,-15.2673297448397,-15.4521860480503,-10.8835906040259,-10.8646361347081,-10.5890754362568,-10.7747147976556,-10.8012200096292,-10.93412556985,-10.6733457241138,-11.0099664482949,-11.1942347377697,-11.0981876637502,-11.1149866096535,-10.9105921681675,-11.1585892952934,-10.9925422153052
"244",6.52725904608014,6.55598936777565,6.07756390100259,6.49821127930249,6.38185417906159,6.78641160150034,5.94576147969355,7.7531682340706,7.80852163728082,7.74360985036718,7.96795948005547,7.92405359123271,7.94485969019512,7.96402151992002,7.61863872493,7.80604783044964,7.96278616801835,7.84559093275031,8.0062616768421,7.92913856124498,8.00135265129955
"245",-1.36622007955264,-1.54184452007784,-0.708794071339793,-1.59820330307989,-1.73767147867519,-1.60342839782982,-2.21032259823809,2.79974972658488,3.01529365787148,3.25686111684822,3.11588410060381,3.31729767643865,3.09960592325018,3.31804949389505,3.11264233922305,3.36684249806348,3.61705484968585,3.41327046150373,3.57949910724987,3.41918237194574,3.63556210534277
"246",-0.641030395830838,-0.760302450349191,-0.470556145779057,-1.72894865175171,-1.30125588964464,-1.32440075649486,-1.2038938686691,2.43994621785768,1.6727317015539,1.5475725294678,1.48572844625124,1.39941402912494,1.48865849194141,1.36886372918476,0.60386958514933,0.666326047400847,0.694132876015376,0.676481870066428,0.751892725036912,0.606548302362811,0.646181853992758
"247",3.93779762592893,3.86986872965309,0.568104986421157,3.64039134659464,0.569992433005328,3.59299096582068,1.91969655961455,3.1461104843002,3.72198588338563,3.88069593556789,3.86016962328375,3.97815963166332,3.92661234259988,3.70347960431071,5.59440214408406,5.10672242970278,4.72106321465704,5.04796736553459,4.93642674308051,5.10559211453841,4.85948121801164
"248",-0.509619715250261,-0.67815849582991,2.33885805025298,-0.848308032011217,2.02761252505891,-0.0788804090853301,1.12286825627772,1.1796742901533,1.39989508955037,1.40486918266161,1.66594456521411,1.57722130307842,1.55989182757786,1.63104669420866,1.88589367070249,2.13155842888418,2.15084127613976,2.25060629570632,2.32769830178645,2.33926863210317,2.20076686141315
"249",0.124386529575597,0.0557639917338464,0.701671647102786,0.268304225236219,0.605456772564363,0.111917092747354,0.324659874784525,-0.884358246993523,-1.11126657504633,-1.26811825382032,-1.08894494568552,-1.29089011090496,-0.998117226199041,-1.15660444486095,-1.69107076989103,-1.63913378641356,-1.88569263129129,-1.61180566281002,-1.8507401345574,-1.62806272889674,-1.73775998245413
"250",-7.66095869370493,-7.52743131507888,-7.59277664589697,-7.93174814759394,-7.61285848383122,-7.91856522882197,-7.23131835006323,-3.67292652309518,-3.31070176714007,-2.89414818318976,-3.27642834212022,-2.83148269842833,-3.19092679266451,-2.72957326040725,-2.83830920609294,-2.83001420338377,-2.4720584683274,-2.75748360727794,-2.59354636293086,-2.75588641048861,-2.49701091808705
"251",7.30752905078395,7.69960424957228,10.5425982877458,7.42736134728895,9.17723405135823,7.35217225466771,8.47798059748326,8.09084250076428,7.75398968782033,8.43577603792169,7.74773762612504,8.33244879803039,7.50229642556928,8.05122761596187,7.79511237641627,7.68857764416458,8.52533656446797,7.69679190490017,8.20423492497673,7.78699714005082,8.00533362600878
"252",4.12342416298576,4.5086471269586,2.78325320928428,3.67966170536849,2.35877951265837,3.78830161622308,2.67495361447829,2.96665197518345,2.55357015146617,2.45820689861424,2.42448927660821,2.57968623061176,2.64033433330112,2.45761811614391,2.2428307316223,2.0713903322292,2.03984006681623,2.07105792023246,1.94594771317565,2.01447479955781,2.03678078757717
"253",8.52350404640504,8.31236928463517,6.57196341564963,8.34633635519654,7.29668448259774,8.41541700357061,8.44944663138988,2.54982731934414,2.00645049258926,1.87718199328814,2.17465818784895,1.93483396297934,2.35326845830864,2.29019018141486,1.23120761679736,1.18353501328245,1.26290374754058,1.22703200454546,1.30878997478148,1.30197535051364,1.28861658265102
"254",-0.763008481017936,-0.743046452635566,-0.581811550162151,-0.697826506656208,-0.73566777972538,-0.576567407254466,-1.03574854347973,0.062795088887876,0.0863023917884129,0.175410782428207,0.0571905831328252,0.29843093026162,0.112656131024977,0.14500198164763,1.33831156428235,1.03704412948167,1.16260471825106,1.00074732431231,1.06933344208655,0.977562075932425,1.06584887496893
"255",5.15235668202656,5.17375753067379,5.01643715084259,5.59562770230777,5.59740835054528,5.74766203876856,5.67897662616587,7.23602300363098,7.4828393713523,7.61501976407174,7.80243003247222,7.90601949067753,7.73240635236834,7.89600850105236,7.34351170810797,7.49545160894942,7.5681259684404,7.54961874696696,7.62167212379772,7.55258128147157,7.63907170800328
"256",6.88770026214225,6.77463996920818,6.80797815171967,7.20103126626468,6.52064639973463,6.88456516890611,6.73070401290016,3.52404655614768,3.23197836990986,3.28901612589405,3.19192920869511,3.17487366359217,3.12385536353579,3.19147401757352,3.43127332215553,3.14043911844434,3.1616678942728,3.10551944266545,3.06524778407808,3.12045074305746,3.23807390097146
"257",4.33859752972334,4.35539291728558,6.54374278056985,4.22098426283772,6.1276630725741,4.09601347346175,6.02757238719983,1.03436994180489,1.37401177868166,1.55331015199942,1.30868541354551,1.72227271256722,1.38891748640914,1.63729219730233,1.20450182327613,1.73362708680276,1.79380412683275,1.6411519218187,1.89801624141226,1.73939950231653,1.90635933238911
"258",0.771276925625291,0.928739190213302,0.907779916295263,-0.546320578384278,-0.533328603471497,-0.580998429257622,-0.378166334564413,1.41259638527207,1.29250033355422,1.12945778300302,1.00272751249299,0.929957499721093,1.07607053578217,1.03308574458973,0.255050649458949,0.403862121385911,0.310499613371616,0.360267750498591,0.256868456018348,0.201572026043371,0.306055807961714
"259",0.28022561293221,0.593722661071196,0.847865533830825,0.136286277396281,0.396724613048957,0.134471867120773,-0.154649859060662,2.10441094007387,2.04175874756773,1.97770544529543,2.00178441698995,1.92019804057546,1.94573563929082,1.94095811916621,1.58901937443873,1.65789985785367,1.58513628869872,1.63021715218369,1.5578039593426,1.63042382972694,1.55896916159119
"260",3.32455830763405,3.14051790748628,3.32357531210383,1.37243234970026,1.53113912430059,1.56964380711206,1.61296999752192,2.73640723772306,2.32854467092133,2.43140539137037,2.43558125907767,2.44660719010833,2.48722809437093,2.34776962105278,2.04262047400973,1.78656473774425,1.85336898589951,1.81597240405006,1.82524381437207,1.87193805396893,1.85174436057907
"261",-6.1203907363453,-6.00500136954842,-5.79446135025082,-5.78096587999987,-5.24891025778181,-5.49835042634638,-5.74164950982156,-7.71037600736964,-7.14543067498056,-6.94227066058821,-7.08177078629647,-7.00523747742188,-7.0742100982551,-6.97978919735047,-6.37557634051541,-6.18239634725314,-6.12992438501779,-6.08418366089398,-6.01939969193667,-6.12725336638231,-5.99009938324703
"262",11.7982192362681,11.586579762713,11.4748623232105,11.7104461181254,12.4294620921969,11.9569769646763,12.1533028952189,5.0008949047914,4.95074868973739,4.99095354418097,5.0003796981246,4.96919182049012,5.00975386292861,5.01449838362181,4.25023574354561,4.45844190840021,4.43309498188925,4.43239354638338,4.34470670150611,4.40396461449684,4.36168469984103
"263",0.107586247370661,0.278072748487062,0.453412121400516,-0.317225835077151,0.337920966925977,-0.799037502296466,-0.906945205596327,-2.30886256320771,-2.17626238404335,-2.32980953426183,-2.13877165562226,-2.16977304504264,-2.09665890967319,-2.07447138866597,-1.97627736703896,-2.032435818543,-2.17562154169015,-2.08626052804888,-2.18349783207615,-1.96688585153576,-2.05534441448116
"264",11.9806248712553,11.9903565590441,11.6075051783827,12.3929189034297,12.2681404994979,12.2728981888083,12.3440525140016,9.69085222452574,9.65155861366873,9.63135824669517,9.74649669923486,9.72011264475672,9.75156816176357,9.70244915471847,9.78818070537781,9.58839769889758,9.60879457238662,9.69459883905948,9.71716136054657,9.67724727735427,9.7329266917178
"265",-1.05613889737076,-1.14113646154568,-1.93127172673596,-0.976879569438154,-1.87300172762641,-0.657088226326126,-2.3553734730428,-1.30326809386141,-0.976497834421123,-0.938185578792894,-0.937666728134469,-0.918000377173906,-1.00776815340056,-0.923048532110994,-0.697696949016211,-0.663088367537478,-0.612957584869804,-0.636467057782452,-0.638024323513457,-0.641551440487872,-0.672012646923061
